model,dataset,outcome,critique_type,found_error,specific,y1_length
llama,gsm8k,CC,specific_fix,True,True,224
llama,gsm8k,CC,specific_fix,True,True,161
llama,gsm8k,CC,specific_fix,True,True,207
llama,gsm8k,CC,specific_fix,True,True,139
llama,gsm8k,CC,specific_fix,True,True,158
llama,gsm8k,CC,specific_fix,True,True,337
llama,gsm8k,CC,specific_fix,True,True,391
llama,gsm8k,CC,specific_fix,True,True,134
llama,gsm8k,CC,specific_fix,True,True,255
llama,gsm8k,CC,specific_fix,True,True,313
llama,gsm8k,CC,specific_fix,True,True,235
llama,gsm8k,CC,specific_fix,True,True,136
llama,gsm8k,CC,specific_fix,True,True,757
llama,gsm8k,CC,specific_fix,True,True,180
llama,gsm8k,CC,specific_fix,True,True,249
llama,gsm8k,CC,specific_fix,True,True,273
llama,gsm8k,CC,specific_fix,True,True,194
llama,gsm8k,CC,specific_fix,True,True,389
llama,gsm8k,CC,specific_fix,True,True,203
llama,gsm8k,CC,specific_fix,True,True,298
llama,gsm8k,CC,specific_fix,True,True,197
llama,gsm8k,CC,specific_fix,True,True,792
llama,gsm8k,CC,specific_fix,True,True,103
llama,gsm8k,CC,specific_fix,True,True,249
llama,gsm8k,CC,specific_fix,True,True,290
llama,gsm8k,CC,specific_fix,True,True,194
llama,gsm8k,CC,specific_fix,True,True,131
llama,gsm8k,CC,specific_fix,True,True,150
llama,gsm8k,CC,specific_fix,True,True,266
llama,gsm8k,CC,specific_fix,True,True,188
llama,gsm8k,CC,specific_fix,True,True,200
llama,gsm8k,CC,specific_fix,True,True,320
llama,gsm8k,CC,specific_fix,True,True,104
llama,gsm8k,CC,specific_fix,True,True,136
llama,gsm8k,CC,specific_fix,True,True,234
llama,gsm8k,CC,specific_fix,True,True,164
llama,gsm8k,CC,specific_fix,True,True,145
llama,gsm8k,CC,specific_fix,True,True,126
llama,gsm8k,CC,specific_fix,True,True,178
llama,gsm8k,CC,specific_fix,True,True,257
llama,gsm8k,CC,specific_fix,True,True,140
llama,gsm8k,CC,specific_fix,True,True,126
llama,gsm8k,CC,specific_fix,True,True,354
llama,gsm8k,CC,specific_fix,True,True,584
llama,gsm8k,CC,specific_fix,True,True,155
llama,gsm8k,CC,specific_fix,True,True,198
llama,gsm8k,CC,specific_fix,True,True,251
llama,gsm8k,CC,specific_fix,True,True,202
llama,gsm8k,CC,specific_fix,True,True,137
llama,gsm8k,CC,specific_fix,True,True,99
llama,gsm8k,CW,specific_fix,True,True,652
llama,gsm8k,CW,specific_fix,True,True,263
llama,gsm8k,CW,specific_fix,True,True,788
llama,gsm8k,CW,specific_fix,True,True,720
llama,gsm8k,CW,specific_fix,True,True,821
llama,gsm8k,CW,specific_fix,True,True,781
llama,gsm8k,CW,specific_fix,True,True,738
llama,gsm8k,CW,specific_fix,True,True,753
llama,gsm8k,CW,specific_fix,True,True,681
llama,gsm8k,CW,specific_fix,True,True,724
llama,gsm8k,CW,specific_fix,True,True,844
llama,gsm8k,CW,specific_fix,True,True,191
llama,gsm8k,CW,specific_fix,True,True,281
llama,gsm8k,CW,specific_fix,True,True,744
llama,gsm8k,CW,specific_fix,True,True,528
llama,gsm8k,CW,specific_fix,True,True,529
llama,gsm8k,CW,specific_fix,True,True,568
llama,gsm8k,CW,specific_fix,True,True,284
llama,gsm8k,CW,specific_fix,True,True,534
llama,gsm8k,CW,specific_fix,True,True,784
llama,gsm8k,CW,specific_fix,True,True,825
llama,gsm8k,CW,specific_fix,True,True,787
llama,gsm8k,CW,specific_fix,True,True,691
llama,gsm8k,CW,specific_fix,True,True,593
llama,gsm8k,CW,specific_fix,True,True,813
llama,gsm8k,CW,specific_fix,True,True,191
llama,gsm8k,CW,specific_fix,True,True,836
llama,gsm8k,CW,specific_fix,True,True,705
llama,gsm8k,CW,specific_fix,True,True,338
llama,gsm8k,CW,specific_fix,True,True,248
llama,gsm8k,CW,specific_fix,True,True,828
llama,gsm8k,CW,specific_fix,True,True,742
llama,gsm8k,CW,specific_fix,True,True,683
llama,gsm8k,CW,specific_fix,True,True,338
llama,gsm8k,CW,specific_fix,True,True,359
llama,gsm8k,CW,specific_fix,True,True,478
llama,gsm8k,CW,specific_fix,True,True,643
llama,gsm8k,CW,specific_fix,True,True,661
llama,gsm8k,CW,specific_fix,True,True,295
llama,gsm8k,CW,specific_fix,True,True,731
llama,gsm8k,CW,specific_fix,True,True,370
llama,gsm8k,CW,specific_fix,True,True,720
llama,gsm8k,CW,specific_fix,True,True,750
llama,gsm8k,CW,specific_fix,True,True,283
llama,gsm8k,CW,specific_fix,True,True,808
llama,gsm8k,CW,specific_fix,True,True,303
llama,gsm8k,CW,specific_fix,True,True,572
llama,gsm8k,CW,specific_fix,True,True,612
llama,gsm8k,CW,specific_fix,True,True,215
llama,gsm8k,CW,specific_fix,True,True,170
llama,gsm8k,WC,specific_fix,True,True,217
llama,gsm8k,WC,specific_fix,True,True,260
llama,gsm8k,WC,specific_fix,True,True,255
llama,gsm8k,WC,specific_fix,True,True,123
llama,gsm8k,WC,specific_fix,True,True,406
llama,gsm8k,WC,specific_fix,True,True,235
llama,gsm8k,WC,specific_fix,True,True,140
llama,gsm8k,WC,specific_fix,True,True,316
llama,gsm8k,WC,specific_fix,True,True,249
llama,gsm8k,WC,specific_fix,True,True,276
llama,gsm8k,WC,specific_fix,True,True,331
llama,gsm8k,WC,specific_fix,True,True,464
llama,gsm8k,WC,specific_fix,True,True,297
llama,gsm8k,WC,specific_fix,True,True,220
llama,gsm8k,WC,specific_fix,True,True,150
llama,gsm8k,WC,specific_fix,True,True,161
llama,gsm8k,WC,specific_fix,True,True,268
llama,gsm8k,WC,specific_fix,True,True,267
llama,gsm8k,WC,specific_fix,True,True,236
llama,gsm8k,WC,specific_fix,True,True,162
llama,gsm8k,WC,specific_fix,True,True,164
llama,gsm8k,WC,specific_fix,True,True,650
llama,gsm8k,WC,specific_fix,True,True,272
llama,gsm8k,WC,specific_fix,True,True,161
llama,gsm8k,WC,specific_fix,True,True,260
llama,gsm8k,WC,specific_fix,True,True,372
llama,gsm8k,WC,specific_fix,True,True,231
llama,gsm8k,WC,specific_fix,True,True,307
llama,gsm8k,WC,specific_fix,True,True,285
llama,gsm8k,WC,specific_fix,True,True,331
llama,gsm8k,WC,specific_fix,True,True,178
llama,gsm8k,WC,specific_fix,True,True,172
llama,gsm8k,WC,specific_fix,True,True,308
llama,gsm8k,WC,specific_fix,True,True,93
llama,gsm8k,WC,specific_fix,True,True,400
llama,gsm8k,WC,specific_fix,True,True,275
llama,gsm8k,WC,specific_fix,True,True,328
llama,gsm8k,WC,specific_fix,True,True,143
llama,gsm8k,WC,specific_fix,True,True,384
llama,gsm8k,WC,specific_fix,True,True,391
llama,gsm8k,WC,specific_fix,True,True,292
llama,gsm8k,WC,specific_fix,True,True,193
llama,gsm8k,WC,specific_fix,True,True,386
llama,gsm8k,WC,specific_fix,True,True,466
llama,gsm8k,WC,specific_fix,True,True,405
llama,gsm8k,WC,specific_fix,True,True,217
llama,gsm8k,WC,specific_fix,True,True,329
llama,gsm8k,WC,specific_fix,True,True,247
llama,gsm8k,WC,specific_fix,True,True,333
llama,gsm8k,WC,specific_fix,True,True,180
llama,gsm8k,WW,specific_fix,True,True,284
llama,gsm8k,WW,specific_fix,True,True,290
llama,gsm8k,WW,specific_fix,True,True,554
llama,gsm8k,WW,specific_fix,True,True,744
llama,gsm8k,WW,specific_fix,True,True,715
llama,gsm8k,WW,specific_fix,True,True,585
llama,gsm8k,WW,specific_fix,True,True,221
llama,gsm8k,WW,specific_fix,True,True,829
llama,gsm8k,WW,specific_fix,True,True,688
llama,gsm8k,WW,specific_fix,True,True,417
llama,gsm8k,WW,specific_fix,True,True,327
llama,gsm8k,WW,specific_fix,True,True,219
llama,gsm8k,WW,specific_fix,True,True,310
llama,gsm8k,WW,vague_fix,True,False,249
llama,gsm8k,WW,specific_fix,True,True,739
llama,gsm8k,WW,specific_fix,True,True,395
llama,gsm8k,WW,specific_fix,True,True,577
llama,gsm8k,WW,specific_fix,True,True,348
llama,gsm8k,WW,specific_fix,True,True,696
llama,gsm8k,WW,specific_fix,True,True,382
llama,gsm8k,WW,specific_fix,True,True,446
llama,gsm8k,WW,specific_fix,True,True,511
llama,gsm8k,WW,specific_fix,True,True,738
llama,gsm8k,WW,specific_fix,True,True,197
llama,gsm8k,WW,specific_fix,True,True,729
llama,gsm8k,WW,specific_fix,True,True,753
llama,gsm8k,WW,specific_fix,True,True,289
llama,gsm8k,WW,specific_fix,True,True,307
llama,gsm8k,WW,specific_fix,True,True,739
llama,gsm8k,WW,specific_fix,True,True,326
llama,gsm8k,WW,specific_fix,True,True,174
llama,gsm8k,WW,specific_fix,True,True,118
llama,gsm8k,WW,specific_fix,True,True,281
llama,gsm8k,WW,specific_fix,True,True,806
llama,gsm8k,WW,specific_fix,True,True,832
llama,gsm8k,WW,specific_fix,True,True,738
llama,gsm8k,WW,specific_fix,True,True,667
llama,gsm8k,WW,specific_fix,True,True,335
llama,gsm8k,WW,specific_fix,True,True,291
llama,gsm8k,WW,specific_fix,True,True,802
llama,gsm8k,WW,specific_fix,True,True,714
llama,gsm8k,WW,specific_fix,True,True,711
llama,gsm8k,WW,specific_fix,True,True,195
llama,gsm8k,WW,specific_fix,True,True,413
llama,gsm8k,WW,specific_fix,True,True,679
llama,gsm8k,WW,specific_fix,True,True,371
llama,gsm8k,WW,specific_fix,True,True,767
llama,gsm8k,WW,specific_fix,True,True,282
llama,gsm8k,WW,specific_fix,True,True,435
llama,gsm8k,WW,specific_fix,True,True,372
llama,triviaqa,CC,vague_fix,True,False,73
llama,triviaqa,CC,ambiguous,False,False,75
llama,triviaqa,CC,specific_fix,True,True,158
llama,triviaqa,CC,ambiguous,False,True,39
llama,triviaqa,CC,ambiguous,False,False,38
llama,triviaqa,CC,vague_fix,True,False,101
llama,triviaqa,CC,vague_fix,True,False,61
llama,triviaqa,CC,ambiguous,False,False,66
llama,triviaqa,CC,ambiguous,False,False,29
llama,triviaqa,CC,confirmed_correct,False,False,38
llama,triviaqa,CC,vague_fix,True,False,76
llama,triviaqa,CC,specific_fix,True,True,89
llama,triviaqa,CC,ambiguous,False,True,51
llama,triviaqa,CC,vague_fix,True,False,71
llama,triviaqa,CC,ambiguous,False,True,47
llama,triviaqa,CC,vague_fix,True,False,41
llama,triviaqa,CC,ambiguous,False,True,42
llama,triviaqa,CC,vague_fix,True,False,59
llama,triviaqa,CC,vague_fix,True,False,122
llama,triviaqa,CC,confirmed_correct,False,False,47
llama,triviaqa,CC,ambiguous,False,False,74
llama,triviaqa,CC,vague_fix,True,False,40
llama,triviaqa,CC,ambiguous,False,True,42
llama,triviaqa,CC,ambiguous,False,False,60
llama,triviaqa,CC,ambiguous,False,False,61
llama,triviaqa,CC,ambiguous,False,True,91
llama,triviaqa,CC,ambiguous,False,True,59
llama,triviaqa,CC,vague_fix,True,False,55
llama,triviaqa,CC,ambiguous,False,False,861
llama,triviaqa,CC,specific_fix,True,True,118
llama,triviaqa,CC,specific_fix,True,True,73
llama,triviaqa,CC,vague_fix,True,False,35
llama,triviaqa,CC,ambiguous,False,False,62
llama,triviaqa,CC,ambiguous,False,False,58
llama,triviaqa,CC,vague_fix,True,False,67
llama,triviaqa,CC,vague_fix,True,False,40
llama,triviaqa,CC,confirmed_correct,False,False,38
llama,triviaqa,CC,specific_fix,True,True,112
llama,triviaqa,CC,ambiguous,False,False,58
llama,triviaqa,CC,specific_fix,True,True,57
llama,triviaqa,CC,ambiguous,False,False,77
llama,triviaqa,CC,specific_fix,True,True,136
llama,triviaqa,CC,vague_fix,True,False,36
llama,triviaqa,CC,vague_fix,True,False,93
llama,triviaqa,CC,ambiguous,False,True,50
llama,triviaqa,CC,ambiguous,False,True,48
llama,triviaqa,CC,specific_fix,True,True,55
llama,triviaqa,CC,ambiguous,False,True,51
llama,triviaqa,CC,ambiguous,False,False,59
llama,triviaqa,CC,ambiguous,False,True,97
llama,triviaqa,CW,ambiguous,False,False,68
llama,triviaqa,CW,vague_fix,True,False,35
llama,triviaqa,CW,ambiguous,False,False,583
llama,triviaqa,CW,ambiguous,False,True,75
llama,triviaqa,CW,vague_fix,True,False,84
llama,triviaqa,CW,specific_fix,True,True,46
llama,triviaqa,CW,confirmed_correct,False,False,34
llama,triviaqa,CW,ambiguous,False,False,33
llama,triviaqa,CW,ambiguous,False,False,53
llama,triviaqa,CW,ambiguous,False,True,50
llama,triviaqa,CW,ambiguous,False,False,50
llama,triviaqa,CW,vague_fix,True,False,54
llama,triviaqa,CW,specific_fix,True,True,96
llama,triviaqa,CW,ambiguous,False,False,49
llama,triviaqa,CW,ambiguous,False,True,80
llama,triviaqa,CW,vague_fix,True,False,48
llama,triviaqa,CW,ambiguous,False,True,60
llama,triviaqa,CW,vague_fix,True,False,74
llama,triviaqa,CW,ambiguous,False,True,62
llama,triviaqa,WC,ambiguous,False,False,94
llama,triviaqa,WC,specific_fix,True,True,113
llama,triviaqa,WC,vague_fix,True,False,72
llama,triviaqa,WC,ambiguous,False,False,21
llama,triviaqa,WC,ambiguous,False,False,77
llama,triviaqa,WC,specific_fix,True,True,85
llama,triviaqa,WC,specific_fix,True,True,66
llama,triviaqa,WC,ambiguous,False,False,79
llama,triviaqa,WC,specific_fix,True,True,94
llama,triviaqa,WC,ambiguous,False,False,79
llama,triviaqa,WC,ambiguous,False,False,46
llama,triviaqa,WC,vague_fix,True,False,31
llama,triviaqa,WC,vague_fix,True,False,115
llama,triviaqa,WC,specific_fix,True,True,80
llama,triviaqa,WC,confirmed_correct,False,True,64
llama,triviaqa,WC,specific_fix,True,True,96
llama,triviaqa,WC,specific_fix,True,True,61
llama,triviaqa,WC,ambiguous,False,True,68
llama,triviaqa,WC,vague_fix,True,False,41
llama,triviaqa,WC,ambiguous,False,False,126
llama,triviaqa,WC,vague_fix,True,False,58
llama,triviaqa,WC,specific_fix,True,True,65
llama,triviaqa,WC,ambiguous,False,False,39
llama,triviaqa,WC,vague_fix,True,False,50
llama,triviaqa,WC,specific_fix,True,True,72
llama,triviaqa,WC,ambiguous,False,False,59
llama,triviaqa,WC,specific_fix,True,True,108
llama,triviaqa,WC,ambiguous,False,False,51
llama,triviaqa,WC,ambiguous,False,False,44
llama,triviaqa,WC,vague_fix,True,False,97
llama,triviaqa,WC,vague_fix,True,False,757
llama,triviaqa,WC,confirmed_correct,False,False,62
llama,triviaqa,WC,specific_fix,True,True,93
llama,triviaqa,WC,vague_fix,True,False,69
llama,triviaqa,WC,specific_fix,True,True,60
llama,triviaqa,WC,ambiguous,False,True,44
llama,triviaqa,WC,ambiguous,False,False,39
llama,triviaqa,WC,ambiguous,False,False,45
llama,triviaqa,WC,confirmed_correct,False,False,37
llama,triviaqa,WC,specific_fix,True,True,89
llama,triviaqa,WC,vague_fix,True,False,54
llama,triviaqa,WC,vague_fix,True,False,131
llama,triviaqa,WC,vague_fix,True,False,47
llama,triviaqa,WC,specific_fix,True,True,101
llama,triviaqa,WC,vague_fix,True,False,220
llama,triviaqa,WC,specific_fix,True,True,72
llama,triviaqa,WC,vague_fix,True,False,122
llama,triviaqa,WC,vague_fix,True,False,114
llama,triviaqa,WC,ambiguous,False,False,37
llama,triviaqa,WC,ambiguous,False,False,38
llama,triviaqa,WW,ambiguous,False,False,82
llama,triviaqa,WW,ambiguous,False,True,51
llama,triviaqa,WW,vague_fix,True,False,48
llama,triviaqa,WW,ambiguous,False,False,80
llama,triviaqa,WW,vague_fix,True,False,82
llama,triviaqa,WW,specific_fix,True,True,126
llama,triviaqa,WW,vague_fix,True,False,78
llama,triviaqa,WW,vague_fix,True,False,138
llama,triviaqa,WW,specific_fix,True,True,133
llama,triviaqa,WW,specific_fix,True,True,82
llama,triviaqa,WW,ambiguous,False,False,53
llama,triviaqa,WW,ambiguous,False,True,67
llama,triviaqa,WW,vague_fix,True,False,721
llama,triviaqa,WW,ambiguous,False,True,67
llama,triviaqa,WW,specific_fix,True,True,66
llama,triviaqa,WW,vague_fix,True,False,38
llama,triviaqa,WW,vague_fix,True,False,523
llama,triviaqa,WW,confirmed_correct,False,False,40
llama,triviaqa,WW,specific_fix,True,True,43
llama,triviaqa,WW,specific_fix,True,True,99
llama,triviaqa,WW,specific_fix,True,True,701
llama,triviaqa,WW,vague_fix,True,False,43
llama,triviaqa,WW,ambiguous,False,False,75
llama,triviaqa,WW,ambiguous,False,False,83
llama,triviaqa,WW,specific_fix,True,True,623
llama,triviaqa,WW,specific_fix,True,True,91
llama,triviaqa,WW,confirmed_correct,False,False,32
llama,triviaqa,WW,vague_fix,True,False,69
llama,triviaqa,WW,vague_fix,True,False,66
llama,triviaqa,WW,specific_fix,True,True,110
llama,triviaqa,WW,vague_fix,True,False,74
llama,triviaqa,WW,ambiguous,False,True,73
llama,triviaqa,WW,ambiguous,False,False,50
llama,triviaqa,WW,specific_fix,True,True,696
llama,triviaqa,WW,ambiguous,False,False,73
llama,triviaqa,WW,specific_fix,True,True,62
llama,triviaqa,WW,confirmed_correct,False,False,77
llama,triviaqa,WW,ambiguous,False,False,44
llama,triviaqa,WW,specific_fix,True,True,81
llama,triviaqa,WW,ambiguous,False,False,85
llama,triviaqa,WW,ambiguous,False,False,95
llama,triviaqa,WW,ambiguous,False,True,68
llama,triviaqa,WW,ambiguous,False,False,53
llama,triviaqa,WW,ambiguous,False,False,70
llama,triviaqa,WW,specific_fix,True,True,76
llama,triviaqa,WW,vague_fix,True,False,38
llama,triviaqa,WW,specific_fix,True,True,102
llama,triviaqa,WW,specific_fix,True,True,108
llama,triviaqa,WW,vague_fix,True,False,96
llama,triviaqa,WW,specific_fix,True,True,108
llama,strategyqa,CC,vague_fix,True,False,327
llama,strategyqa,CC,vague_fix,True,False,308
llama,strategyqa,CC,vague_fix,True,False,119
llama,strategyqa,CC,specific_fix,True,True,223
llama,strategyqa,CC,vague_fix,True,False,186
llama,strategyqa,CC,vague_fix,True,False,178
llama,strategyqa,CC,vague_fix,True,False,182
llama,strategyqa,CC,vague_fix,True,False,201
llama,strategyqa,CC,specific_fix,True,True,224
llama,strategyqa,CC,specific_fix,True,True,228
llama,strategyqa,CC,vague_fix,True,False,200
llama,strategyqa,CC,vague_fix,True,False,249
llama,strategyqa,CC,specific_fix,True,True,346
llama,strategyqa,CC,vague_fix,True,False,156
llama,strategyqa,CC,vague_fix,True,False,207
llama,strategyqa,CC,vague_fix,True,False,200
llama,strategyqa,CC,vague_fix,True,False,229
llama,strategyqa,CC,specific_fix,True,True,181
llama,strategyqa,CC,vague_fix,True,False,162
llama,strategyqa,CC,specific_fix,True,True,285
llama,strategyqa,CC,specific_fix,True,True,185
llama,strategyqa,CC,vague_fix,True,False,153
llama,strategyqa,CC,vague_fix,True,False,213
llama,strategyqa,CC,vague_fix,True,False,240
llama,strategyqa,CC,vague_fix,True,False,172
llama,strategyqa,CC,specific_fix,True,True,241
llama,strategyqa,CC,vague_fix,True,False,148
llama,strategyqa,CC,specific_fix,True,True,298
llama,strategyqa,CC,vague_fix,True,False,263
llama,strategyqa,CC,vague_fix,True,False,267
llama,strategyqa,CC,vague_fix,True,False,354
llama,strategyqa,CC,specific_fix,True,True,278
llama,strategyqa,CC,vague_fix,True,False,204
llama,strategyqa,CC,specific_fix,True,True,259
llama,strategyqa,CC,specific_fix,True,True,223
llama,strategyqa,CC,specific_fix,True,True,232
llama,strategyqa,CC,vague_fix,True,False,173
llama,strategyqa,CC,specific_fix,True,True,130
llama,strategyqa,CC,specific_fix,True,True,292
llama,strategyqa,CC,vague_fix,True,False,157
llama,strategyqa,CC,vague_fix,True,False,190
llama,strategyqa,CC,vague_fix,True,False,255
llama,strategyqa,CC,specific_fix,True,True,232
llama,strategyqa,CC,vague_fix,True,False,142
llama,strategyqa,CC,vague_fix,True,False,251
llama,strategyqa,CC,ambiguous,False,False,194
llama,strategyqa,CC,vague_fix,True,False,267
llama,strategyqa,CC,vague_fix,True,False,262
llama,strategyqa,CC,vague_fix,True,False,248
llama,strategyqa,CC,vague_fix,True,False,204
llama,strategyqa,CW,vague_fix,True,False,351
llama,strategyqa,CW,vague_fix,True,False,300
llama,strategyqa,CW,specific_fix,True,True,195
llama,strategyqa,CW,specific_fix,True,True,225
llama,strategyqa,CW,vague_fix,True,False,192
llama,strategyqa,CW,vague_fix,True,False,195
llama,strategyqa,CW,vague_fix,True,False,184
llama,strategyqa,CW,vague_fix,True,False,260
llama,strategyqa,CW,vague_fix,True,False,89
llama,strategyqa,CW,specific_fix,True,True,177
llama,strategyqa,CW,specific_fix,True,True,183
llama,strategyqa,CW,vague_fix,True,False,280
llama,strategyqa,CW,specific_fix,True,True,284
llama,strategyqa,CW,vague_fix,True,False,196
llama,strategyqa,CW,vague_fix,True,False,220
llama,strategyqa,CW,vague_fix,True,False,194
llama,strategyqa,CW,vague_fix,True,False,128
llama,strategyqa,CW,vague_fix,True,False,155
llama,strategyqa,CW,vague_fix,True,False,251
llama,strategyqa,CW,vague_fix,True,False,228
llama,strategyqa,CW,specific_fix,True,True,288
llama,strategyqa,CW,vague_fix,True,False,286
llama,strategyqa,CW,vague_fix,True,False,275
llama,strategyqa,CW,specific_fix,True,True,168
llama,strategyqa,CW,specific_fix,True,True,205
llama,strategyqa,CW,specific_fix,True,True,229
llama,strategyqa,CW,vague_fix,True,False,232
llama,strategyqa,CW,vague_fix,True,False,234
llama,strategyqa,CW,vague_fix,True,False,171
llama,strategyqa,CW,vague_fix,True,False,800
llama,strategyqa,CW,vague_fix,True,False,253
llama,strategyqa,CW,specific_fix,True,True,257
llama,strategyqa,CW,vague_fix,True,False,164
llama,strategyqa,CW,vague_fix,True,False,267
llama,strategyqa,CW,specific_fix,True,True,308
llama,strategyqa,CW,vague_fix,True,False,206
llama,strategyqa,CW,vague_fix,True,False,218
llama,strategyqa,CW,vague_fix,True,False,236
llama,strategyqa,CW,vague_fix,True,False,176
llama,strategyqa,CW,vague_fix,True,False,219
llama,strategyqa,CW,specific_fix,True,True,225
llama,strategyqa,CW,vague_fix,True,False,199
llama,strategyqa,CW,vague_fix,True,False,254
llama,strategyqa,CW,specific_fix,True,True,202
llama,strategyqa,CW,vague_fix,True,False,209
llama,strategyqa,CW,vague_fix,True,False,184
llama,strategyqa,CW,vague_fix,True,False,152
llama,strategyqa,CW,vague_fix,True,False,315
llama,strategyqa,CW,vague_fix,True,False,173
llama,strategyqa,CW,vague_fix,True,False,252
llama,strategyqa,WC,vague_fix,True,False,154
llama,strategyqa,WC,vague_fix,True,False,198
llama,strategyqa,WC,specific_fix,True,True,176
llama,strategyqa,WC,vague_fix,True,False,131
llama,strategyqa,WC,vague_fix,True,False,217
llama,strategyqa,WC,specific_fix,True,True,197
llama,strategyqa,WC,vague_fix,True,False,214
llama,strategyqa,WC,vague_fix,True,False,243
llama,strategyqa,WC,vague_fix,True,False,137
llama,strategyqa,WC,specific_fix,True,True,186
llama,strategyqa,WC,specific_fix,True,True,157
llama,strategyqa,WC,vague_fix,True,False,202
llama,strategyqa,WC,vague_fix,True,False,132
llama,strategyqa,WC,vague_fix,True,False,219
llama,strategyqa,WC,vague_fix,True,False,344
llama,strategyqa,WC,vague_fix,True,False,130
llama,strategyqa,WC,specific_fix,True,True,157
llama,strategyqa,WC,vague_fix,True,False,190
llama,strategyqa,WC,vague_fix,True,False,134
llama,strategyqa,WC,specific_fix,True,True,174
llama,strategyqa,WC,vague_fix,True,False,151
llama,strategyqa,WC,vague_fix,True,False,155
llama,strategyqa,WC,specific_fix,True,True,248
llama,strategyqa,WC,vague_fix,True,False,300
llama,strategyqa,WC,specific_fix,True,True,268
llama,strategyqa,WC,vague_fix,True,False,223
llama,strategyqa,WC,specific_fix,True,True,155
llama,strategyqa,WC,vague_fix,True,False,212
llama,strategyqa,WC,specific_fix,True,True,199
llama,strategyqa,WC,specific_fix,True,True,146
llama,strategyqa,WC,vague_fix,True,False,224
llama,strategyqa,WC,vague_fix,True,False,164
llama,strategyqa,WC,vague_fix,True,False,265
llama,strategyqa,WC,vague_fix,True,False,174
llama,strategyqa,WC,vague_fix,True,False,240
llama,strategyqa,WC,vague_fix,True,False,217
llama,strategyqa,WC,specific_fix,True,True,176
llama,strategyqa,WC,specific_fix,True,True,276
llama,strategyqa,WC,vague_fix,True,False,226
llama,strategyqa,WC,specific_fix,True,True,108
llama,strategyqa,WC,vague_fix,True,False,208
llama,strategyqa,WC,vague_fix,True,False,359
llama,strategyqa,WC,vague_fix,True,False,128
llama,strategyqa,WC,specific_fix,True,True,165
llama,strategyqa,WC,vague_fix,True,False,225
llama,strategyqa,WC,specific_fix,True,True,190
llama,strategyqa,WC,specific_fix,True,True,194
llama,strategyqa,WC,specific_fix,True,True,167
llama,strategyqa,WC,vague_fix,True,False,189
llama,strategyqa,WC,specific_fix,True,True,225
llama,strategyqa,WW,specific_fix,True,True,242
llama,strategyqa,WW,specific_fix,True,True,285
llama,strategyqa,WW,vague_fix,True,False,144
llama,strategyqa,WW,specific_fix,True,True,211
llama,strategyqa,WW,specific_fix,True,True,263
llama,strategyqa,WW,ambiguous,False,False,193
llama,strategyqa,WW,vague_fix,True,False,246
llama,strategyqa,WW,vague_fix,True,False,228
llama,strategyqa,WW,vague_fix,True,False,279
llama,strategyqa,WW,vague_fix,True,False,243
llama,strategyqa,WW,vague_fix,True,False,172
llama,strategyqa,WW,vague_fix,True,False,159
llama,strategyqa,WW,vague_fix,True,False,189
llama,strategyqa,WW,vague_fix,True,False,147
llama,strategyqa,WW,vague_fix,True,False,213
llama,strategyqa,WW,vague_fix,True,False,309
llama,strategyqa,WW,specific_fix,True,True,228
llama,strategyqa,WW,specific_fix,True,True,233
llama,strategyqa,WW,specific_fix,True,True,285
llama,strategyqa,WW,specific_fix,True,True,266
llama,strategyqa,WW,vague_fix,True,False,263
llama,strategyqa,WW,vague_fix,True,False,223
llama,strategyqa,WW,vague_fix,True,False,88
llama,strategyqa,WW,vague_fix,True,False,182
llama,strategyqa,WW,vague_fix,True,False,188
llama,strategyqa,WW,vague_fix,True,False,219
llama,strategyqa,WW,vague_fix,True,False,80
llama,strategyqa,WW,vague_fix,True,False,189
llama,strategyqa,WW,vague_fix,True,False,259
llama,strategyqa,WW,vague_fix,True,False,172
llama,strategyqa,WW,vague_fix,True,False,204
llama,strategyqa,WW,vague_fix,True,False,67
llama,strategyqa,WW,vague_fix,True,False,168
llama,strategyqa,WW,vague_fix,True,False,207
llama,strategyqa,WW,specific_fix,True,True,207
llama,strategyqa,WW,vague_fix,True,False,331
llama,strategyqa,WW,specific_fix,True,True,291
llama,strategyqa,WW,specific_fix,True,True,233
llama,strategyqa,WW,vague_fix,True,False,257
llama,strategyqa,WW,vague_fix,True,False,176
llama,strategyqa,WW,vague_fix,True,False,251
llama,strategyqa,WW,vague_fix,True,False,194
llama,strategyqa,WW,vague_fix,True,False,143
llama,strategyqa,WW,specific_fix,True,True,264
llama,strategyqa,WW,vague_fix,True,False,191
llama,strategyqa,WW,specific_fix,True,True,325
llama,strategyqa,WW,vague_fix,True,False,197
llama,strategyqa,WW,vague_fix,True,False,276
llama,strategyqa,WW,vague_fix,True,False,183
llama,strategyqa,WW,vague_fix,True,False,219
llama,humaneval,CC,specific_fix,True,True,282
llama,humaneval,CC,vague_fix,True,False,154
llama,humaneval,CC,vague_fix,True,False,195
llama,humaneval,CC,vague_fix,True,False,230
llama,humaneval,CC,vague_fix,True,False,125
llama,humaneval,CC,specific_fix,True,True,280
llama,humaneval,CC,specific_fix,True,True,150
llama,humaneval,CC,specific_fix,True,True,323
llama,humaneval,CC,vague_fix,True,False,224
llama,humaneval,CC,vague_fix,True,False,190
llama,humaneval,CC,specific_fix,True,True,243
llama,humaneval,CC,vague_fix,True,False,263
llama,humaneval,CC,vague_fix,True,False,424
llama,humaneval,CC,specific_fix,True,True,149
llama,humaneval,CC,specific_fix,True,True,133
llama,humaneval,CC,vague_fix,True,False,219
llama,humaneval,CC,vague_fix,True,False,360
llama,humaneval,CC,specific_fix,True,True,352
llama,humaneval,CC,vague_fix,True,False,156
llama,humaneval,CC,specific_fix,True,True,210
llama,humaneval,CC,vague_fix,True,False,208
llama,humaneval,CC,vague_fix,True,False,167
llama,humaneval,CC,vague_fix,True,False,157
llama,humaneval,CC,specific_fix,True,True,255
llama,humaneval,CC,specific_fix,True,True,292
llama,humaneval,CC,vague_fix,True,False,115
llama,humaneval,CC,specific_fix,True,True,286
llama,humaneval,CC,vague_fix,True,False,295
llama,humaneval,CC,vague_fix,True,False,331
llama,humaneval,CC,vague_fix,True,False,278
llama,humaneval,CC,vague_fix,True,False,219
llama,humaneval,CC,vague_fix,True,False,196
llama,humaneval,CC,specific_fix,True,True,102
llama,humaneval,CC,vague_fix,True,False,266
llama,humaneval,CC,specific_fix,True,True,239
llama,humaneval,CC,specific_fix,True,True,252
llama,humaneval,CC,specific_fix,True,True,348
llama,humaneval,CC,specific_fix,True,True,152
llama,humaneval,CC,specific_fix,True,True,165
llama,humaneval,CC,vague_fix,True,False,535
llama,humaneval,CC,vague_fix,True,False,169
llama,humaneval,CC,vague_fix,True,False,144
llama,humaneval,CC,vague_fix,True,False,141
llama,humaneval,CC,vague_fix,True,False,255
llama,humaneval,CC,vague_fix,True,False,207
llama,humaneval,CW,specific_fix,True,True,333
llama,humaneval,CW,vague_fix,True,False,194
llama,humaneval,CW,specific_fix,True,True,160
llama,humaneval,CW,specific_fix,True,True,235
llama,humaneval,CW,vague_fix,True,False,272
llama,humaneval,CW,vague_fix,True,False,117
llama,humaneval,CW,specific_fix,True,True,302
llama,humaneval,CW,vague_fix,True,False,236
llama,humaneval,CW,vague_fix,True,False,227
llama,humaneval,CW,specific_fix,True,True,325
llama,humaneval,CW,vague_fix,True,False,350
llama,humaneval,CW,specific_fix,True,True,252
llama,humaneval,CW,vague_fix,True,False,340
llama,humaneval,WC,vague_fix,True,False,431
llama,humaneval,WC,specific_fix,True,True,108
llama,humaneval,WC,specific_fix,True,True,126
llama,humaneval,WC,vague_fix,True,False,227
llama,humaneval,WC,vague_fix,True,False,284
llama,humaneval,WC,vague_fix,True,False,396
llama,humaneval,WC,vague_fix,True,False,268
llama,humaneval,WC,specific_fix,True,True,188
llama,humaneval,WC,specific_fix,True,True,422
llama,humaneval,WC,specific_fix,True,True,349
llama,humaneval,WC,specific_fix,True,True,251
llama,humaneval,WC,specific_fix,True,True,286
llama,humaneval,WC,vague_fix,True,False,210
llama,humaneval,WC,specific_fix,True,True,264
llama,humaneval,WC,vague_fix,True,False,198
llama,humaneval,WC,specific_fix,True,True,187
llama,humaneval,WC,vague_fix,True,False,526
llama,humaneval,WC,specific_fix,True,True,263
llama,humaneval,WC,specific_fix,True,True,153
llama,humaneval,WC,specific_fix,True,True,173
llama,humaneval,WC,specific_fix,True,True,304
llama,humaneval,WC,specific_fix,True,True,221
llama,humaneval,WC,specific_fix,True,True,170
llama,humaneval,WW,specific_fix,True,True,402
llama,humaneval,WW,vague_fix,True,False,252
llama,humaneval,WW,vague_fix,True,False,263
llama,humaneval,WW,vague_fix,True,False,159
llama,humaneval,WW,vague_fix,True,False,240
llama,humaneval,WW,vague_fix,True,False,111
llama,humaneval,WW,specific_fix,True,True,256
llama,humaneval,WW,vague_fix,True,False,161
llama,humaneval,WW,specific_fix,True,True,333
llama,humaneval,WW,vague_fix,True,False,296
llama,humaneval,WW,specific_fix,True,True,202
llama,humaneval,WW,vague_fix,True,False,108
llama,humaneval,WW,specific_fix,True,True,212
llama,humaneval,WW,specific_fix,True,True,746
llama,humaneval,WW,vague_fix,True,False,66
llama,humaneval,WW,vague_fix,True,False,193
llama,humaneval,WW,vague_fix,True,False,495
llama,humaneval,WW,specific_fix,True,True,364
llama,humaneval,WW,vague_fix,True,False,344
llama,humaneval,WW,vague_fix,True,False,169
llama,humaneval,WW,vague_fix,True,False,123
llama,humaneval,WW,specific_fix,True,True,142
llama,humaneval,WW,specific_fix,True,True,133
llama,humaneval,WW,vague_fix,True,False,148
llama,humaneval,WW,vague_fix,True,False,147
llama,humaneval,WW,vague_fix,True,False,330
llama,humaneval,WW,vague_fix,True,False,180
llama,humaneval,WW,vague_fix,True,False,159
llama,humaneval,WW,specific_fix,True,True,381
llama,humaneval,WW,specific_fix,True,True,377
llama,humaneval,WW,specific_fix,True,True,227
llama,humaneval,WW,specific_fix,True,True,200
llama,humaneval,WW,vague_fix,True,False,189
llama,humaneval,WW,specific_fix,True,True,275
llama,humaneval,WW,vague_fix,True,False,251
llama,humaneval,WW,vague_fix,True,False,305
llama,humaneval,WW,specific_fix,True,True,234
llama,humaneval,WW,specific_fix,True,True,205
llama,humaneval,WW,vague_fix,True,False,779
llama,humaneval,WW,specific_fix,True,True,356
llama,humaneval,WW,specific_fix,True,True,488
llama,humaneval,WW,vague_fix,True,False,317
llama,humaneval,WW,vague_fix,True,False,182
llama,humaneval,WW,specific_fix,True,True,264
llama,humaneval,WW,specific_fix,True,True,304
llama,humaneval,WW,specific_fix,True,True,344
llama,humaneval,WW,vague_fix,True,False,452
llama,humaneval,WW,vague_fix,True,False,172
llama,humaneval,WW,vague_fix,True,False,383
llama,humaneval,WW,vague_fix,True,False,686
mistral,gsm8k,CC,specific_fix,True,True,186
mistral,gsm8k,CC,specific_fix,True,True,136
mistral,gsm8k,CC,specific_fix,True,True,43
mistral,gsm8k,CC,vague_fix,True,False,24
mistral,gsm8k,CC,specific_fix,True,True,28
mistral,gsm8k,CC,specific_fix,True,True,26
mistral,gsm8k,CC,specific_fix,True,True,208
mistral,gsm8k,CC,specific_fix,True,True,34
mistral,gsm8k,CC,vague_fix,True,False,17
mistral,gsm8k,CC,specific_fix,True,True,123
mistral,gsm8k,CC,vague_fix,True,False,23
mistral,gsm8k,CC,specific_fix,True,True,222
mistral,gsm8k,CC,specific_fix,True,True,85
mistral,gsm8k,CC,specific_fix,True,True,145
mistral,gsm8k,CC,specific_fix,True,True,181
mistral,gsm8k,CC,specific_fix,True,True,131
mistral,gsm8k,CC,specific_fix,True,True,150
mistral,gsm8k,CC,specific_fix,True,True,103
mistral,gsm8k,CC,specific_fix,True,True,410
mistral,gsm8k,CC,specific_fix,True,True,127
mistral,gsm8k,CC,specific_fix,True,True,29
mistral,gsm8k,CC,specific_fix,True,True,53
mistral,gsm8k,CC,specific_fix,True,True,25
mistral,gsm8k,CC,specific_fix,True,True,28
mistral,gsm8k,CC,specific_fix,True,True,65
mistral,gsm8k,CC,specific_fix,True,True,136
mistral,gsm8k,CC,vague_fix,True,False,57
mistral,gsm8k,CC,vague_fix,True,False,17
mistral,gsm8k,CC,specific_fix,True,True,62
mistral,gsm8k,CC,specific_fix,True,True,79
mistral,gsm8k,CC,specific_fix,True,True,108
mistral,gsm8k,CC,specific_fix,True,True,45
mistral,gsm8k,CC,specific_fix,True,True,165
mistral,gsm8k,CC,specific_fix,True,True,75
mistral,gsm8k,CC,specific_fix,True,True,26
mistral,gsm8k,CC,specific_fix,True,True,28
mistral,gsm8k,CC,specific_fix,True,True,100
mistral,gsm8k,CC,specific_fix,True,True,23
mistral,gsm8k,CC,specific_fix,True,True,98
mistral,gsm8k,CC,specific_fix,True,True,28
mistral,gsm8k,CC,specific_fix,True,True,131
mistral,gsm8k,CC,specific_fix,True,True,49
mistral,gsm8k,CC,vague_fix,True,False,26
mistral,gsm8k,CC,specific_fix,True,True,128
mistral,gsm8k,CC,specific_fix,True,True,30
mistral,gsm8k,CC,specific_fix,True,True,26
mistral,gsm8k,CC,specific_fix,True,True,25
mistral,gsm8k,CC,specific_fix,True,True,55
mistral,gsm8k,CC,specific_fix,True,True,127
mistral,gsm8k,CC,specific_fix,True,True,30
mistral,gsm8k,CW,vague_fix,True,False,13
mistral,gsm8k,CW,vague_fix,True,False,31
mistral,gsm8k,CW,vague_fix,True,False,70
mistral,gsm8k,CW,specific_fix,True,True,275
mistral,gsm8k,CW,specific_fix,True,True,103
mistral,gsm8k,WC,specific_fix,True,True,264
mistral,gsm8k,WC,specific_fix,True,True,191
mistral,gsm8k,WC,specific_fix,True,True,272
mistral,gsm8k,WC,specific_fix,True,True,335
mistral,gsm8k,WC,specific_fix,True,True,191
mistral,gsm8k,WC,specific_fix,True,True,360
mistral,gsm8k,WW,specific_fix,True,True,23
mistral,gsm8k,WW,specific_fix,True,True,23
mistral,gsm8k,WW,specific_fix,True,True,60
mistral,gsm8k,WW,specific_fix,True,True,28
mistral,gsm8k,WW,specific_fix,True,True,25
mistral,gsm8k,WW,specific_fix,True,True,28
mistral,gsm8k,WW,specific_fix,True,True,24
mistral,gsm8k,WW,specific_fix,True,True,36
mistral,gsm8k,WW,specific_fix,True,True,133
mistral,gsm8k,WW,specific_fix,True,True,55
mistral,gsm8k,WW,specific_fix,True,True,29
mistral,gsm8k,WW,specific_fix,True,True,27
mistral,gsm8k,WW,specific_fix,True,True,30
mistral,gsm8k,WW,vague_fix,True,False,15
mistral,gsm8k,WW,specific_fix,True,True,23
mistral,gsm8k,WW,vague_fix,True,False,11
mistral,gsm8k,WW,specific_fix,True,True,303
mistral,gsm8k,WW,specific_fix,True,True,81
mistral,gsm8k,WW,specific_fix,True,True,28
mistral,gsm8k,WW,specific_fix,True,True,198
mistral,gsm8k,WW,specific_fix,True,True,28
mistral,gsm8k,WW,specific_fix,True,True,28
mistral,gsm8k,WW,specific_fix,True,True,51
mistral,gsm8k,WW,specific_fix,True,True,29
mistral,gsm8k,WW,specific_fix,True,True,181
mistral,gsm8k,WW,specific_fix,True,True,200
mistral,gsm8k,WW,specific_fix,True,True,205
mistral,gsm8k,WW,specific_fix,True,True,141
mistral,gsm8k,WW,vague_fix,True,False,11
mistral,gsm8k,WW,specific_fix,True,True,229
mistral,gsm8k,WW,specific_fix,True,True,35
mistral,gsm8k,WW,specific_fix,True,True,24
mistral,gsm8k,WW,specific_fix,True,True,24
mistral,gsm8k,WW,specific_fix,True,True,60
mistral,gsm8k,WW,specific_fix,True,True,26
mistral,gsm8k,WW,specific_fix,True,True,45
mistral,gsm8k,WW,specific_fix,True,True,24
mistral,gsm8k,WW,specific_fix,True,True,70
mistral,gsm8k,WW,specific_fix,True,True,376
mistral,gsm8k,WW,specific_fix,True,True,58
mistral,gsm8k,WW,vague_fix,True,False,29
mistral,gsm8k,WW,specific_fix,True,True,219
mistral,gsm8k,WW,vague_fix,True,False,17
mistral,gsm8k,WW,specific_fix,True,True,135
mistral,gsm8k,WW,specific_fix,True,True,30
mistral,gsm8k,WW,specific_fix,True,True,216
mistral,gsm8k,WW,specific_fix,True,True,271
mistral,gsm8k,WW,specific_fix,True,True,133
mistral,gsm8k,WW,specific_fix,True,True,181
mistral,gsm8k,WW,specific_fix,True,True,82
mistral,triviaqa,CC,specific_fix,True,True,43
mistral,triviaqa,CC,specific_fix,True,True,70
mistral,triviaqa,CC,specific_fix,True,True,55
mistral,triviaqa,CC,specific_fix,True,True,51
mistral,triviaqa,CC,ambiguous,False,True,42
mistral,triviaqa,CC,specific_fix,True,True,83
mistral,triviaqa,CC,vague_fix,True,False,32
mistral,triviaqa,CC,specific_fix,True,True,52
mistral,triviaqa,CC,ambiguous,False,True,37
mistral,triviaqa,CC,vague_fix,True,False,56
mistral,triviaqa,CC,specific_fix,True,True,60
mistral,triviaqa,CC,specific_fix,True,True,37
mistral,triviaqa,CC,specific_fix,True,True,45
mistral,triviaqa,CC,specific_fix,True,True,55
mistral,triviaqa,CC,specific_fix,True,True,45
mistral,triviaqa,CC,specific_fix,True,True,45
mistral,triviaqa,CC,specific_fix,True,True,50
mistral,triviaqa,CC,specific_fix,True,True,46
mistral,triviaqa,CC,specific_fix,True,True,78
mistral,triviaqa,CC,specific_fix,True,True,49
mistral,triviaqa,CC,specific_fix,True,True,88
mistral,triviaqa,CC,specific_fix,True,True,54
mistral,triviaqa,CC,specific_fix,True,True,72
mistral,triviaqa,CC,specific_fix,True,True,50
mistral,triviaqa,CC,specific_fix,True,True,62
mistral,triviaqa,CC,specific_fix,True,True,46
mistral,triviaqa,CC,specific_fix,True,True,55
mistral,triviaqa,CC,specific_fix,True,True,68
mistral,triviaqa,CC,specific_fix,True,True,61
mistral,triviaqa,CC,specific_fix,True,True,65
mistral,triviaqa,CC,specific_fix,True,True,96
mistral,triviaqa,CC,specific_fix,True,True,52
mistral,triviaqa,CC,specific_fix,True,True,41
mistral,triviaqa,CC,specific_fix,True,True,81
mistral,triviaqa,CC,specific_fix,True,True,63
mistral,triviaqa,CC,vague_fix,True,False,31
mistral,triviaqa,CC,specific_fix,True,True,49
mistral,triviaqa,CC,specific_fix,True,True,49
mistral,triviaqa,CC,specific_fix,True,True,63
mistral,triviaqa,CC,specific_fix,True,True,80
mistral,triviaqa,CC,ambiguous,False,True,56
mistral,triviaqa,CC,specific_fix,True,True,71
mistral,triviaqa,CC,vague_fix,True,False,33
mistral,triviaqa,CC,specific_fix,True,True,49
mistral,triviaqa,CC,specific_fix,True,True,103
mistral,triviaqa,CC,specific_fix,True,True,79
mistral,triviaqa,CC,specific_fix,True,True,73
mistral,triviaqa,CC,ambiguous,False,True,48
mistral,triviaqa,CC,specific_fix,True,True,74
mistral,triviaqa,CC,vague_fix,True,False,51
mistral,triviaqa,CW,vague_fix,True,False,37
mistral,triviaqa,CW,specific_fix,True,True,133
mistral,triviaqa,CW,specific_fix,True,True,62
mistral,triviaqa,CW,vague_fix,True,False,103
mistral,triviaqa,CW,specific_fix,True,True,51
mistral,triviaqa,CW,vague_fix,True,False,28
mistral,triviaqa,WC,vague_fix,True,False,46
mistral,triviaqa,WC,specific_fix,True,True,66
mistral,triviaqa,WC,specific_fix,True,True,105
mistral,triviaqa,WC,vague_fix,True,False,84
mistral,triviaqa,WC,specific_fix,True,True,50
mistral,triviaqa,WW,ambiguous,False,True,47
mistral,triviaqa,WW,specific_fix,True,True,49
mistral,triviaqa,WW,specific_fix,True,True,48
mistral,triviaqa,WW,specific_fix,True,True,59
mistral,triviaqa,WW,specific_fix,True,True,57
mistral,triviaqa,WW,specific_fix,True,True,58
mistral,triviaqa,WW,specific_fix,True,True,68
mistral,triviaqa,WW,specific_fix,True,True,49
mistral,triviaqa,WW,specific_fix,True,True,61
mistral,triviaqa,WW,specific_fix,True,True,71
mistral,triviaqa,WW,specific_fix,True,True,55
mistral,triviaqa,WW,specific_fix,True,True,51
mistral,triviaqa,WW,specific_fix,True,True,49
mistral,triviaqa,WW,specific_fix,True,True,91
mistral,triviaqa,WW,specific_fix,True,True,61
mistral,triviaqa,WW,specific_fix,True,True,53
mistral,triviaqa,WW,specific_fix,True,True,82
mistral,triviaqa,WW,specific_fix,True,True,62
mistral,triviaqa,WW,specific_fix,True,True,92
mistral,triviaqa,WW,specific_fix,True,True,57
mistral,triviaqa,WW,specific_fix,True,True,60
mistral,triviaqa,WW,vague_fix,True,False,85
mistral,triviaqa,WW,ambiguous,False,True,48
mistral,triviaqa,WW,specific_fix,True,True,55
mistral,triviaqa,WW,specific_fix,True,True,30
mistral,triviaqa,WW,vague_fix,True,False,58
mistral,triviaqa,WW,specific_fix,True,True,74
mistral,triviaqa,WW,ambiguous,False,True,47
mistral,triviaqa,WW,ambiguous,False,True,48
mistral,triviaqa,WW,specific_fix,True,True,61
mistral,triviaqa,WW,vague_fix,True,False,43
mistral,triviaqa,WW,specific_fix,True,True,97
mistral,triviaqa,WW,specific_fix,True,True,63
mistral,triviaqa,WW,specific_fix,True,True,53
mistral,triviaqa,WW,specific_fix,True,True,58
mistral,triviaqa,WW,specific_fix,True,True,93
mistral,triviaqa,WW,specific_fix,True,True,65
mistral,triviaqa,WW,specific_fix,True,True,67
mistral,triviaqa,WW,specific_fix,True,True,52
mistral,triviaqa,WW,specific_fix,True,True,89
mistral,triviaqa,WW,specific_fix,True,True,74
mistral,triviaqa,WW,specific_fix,True,True,50
mistral,triviaqa,WW,specific_fix,True,True,106
mistral,triviaqa,WW,vague_fix,True,False,97
mistral,triviaqa,WW,specific_fix,True,True,63
mistral,triviaqa,WW,specific_fix,True,True,52
mistral,triviaqa,WW,specific_fix,True,True,68
mistral,triviaqa,WW,vague_fix,True,False,42
mistral,triviaqa,WW,specific_fix,True,True,66
mistral,triviaqa,WW,ambiguous,False,True,91
mistral,strategyqa,CC,specific_fix,True,True,104
mistral,strategyqa,CC,vague_fix,True,False,148
mistral,strategyqa,CC,specific_fix,True,True,129
mistral,strategyqa,CC,vague_fix,True,False,173
mistral,strategyqa,CC,vague_fix,True,False,106
mistral,strategyqa,CC,specific_fix,True,True,88
mistral,strategyqa,CC,specific_fix,True,True,157
mistral,strategyqa,CC,vague_fix,True,False,90
mistral,strategyqa,CC,ambiguous,False,False,81
mistral,strategyqa,CC,vague_fix,True,False,82
mistral,strategyqa,CC,specific_fix,True,True,104
mistral,strategyqa,CC,ambiguous,False,True,95
mistral,strategyqa,CC,vague_fix,True,False,85
mistral,strategyqa,CC,specific_fix,True,True,135
mistral,strategyqa,CC,vague_fix,True,False,148
mistral,strategyqa,CC,specific_fix,True,True,91
mistral,strategyqa,CC,vague_fix,True,False,121
mistral,strategyqa,CC,specific_fix,True,True,174
mistral,strategyqa,CC,specific_fix,True,True,95
mistral,strategyqa,CC,vague_fix,True,False,98
mistral,strategyqa,CC,specific_fix,True,True,216
mistral,strategyqa,CC,specific_fix,True,True,88
mistral,strategyqa,CC,vague_fix,True,False,210
mistral,strategyqa,CC,vague_fix,True,False,81
mistral,strategyqa,CC,specific_fix,True,True,160
mistral,strategyqa,CC,specific_fix,True,True,119
mistral,strategyqa,CC,vague_fix,True,False,203
mistral,strategyqa,CC,vague_fix,True,False,115
mistral,strategyqa,CC,vague_fix,True,False,153
mistral,strategyqa,CC,ambiguous,False,True,98
mistral,strategyqa,CC,specific_fix,True,True,183
mistral,strategyqa,CC,specific_fix,True,True,176
mistral,strategyqa,CC,vague_fix,True,False,127
mistral,strategyqa,CC,vague_fix,True,False,120
mistral,strategyqa,CC,specific_fix,True,True,222
mistral,strategyqa,CC,ambiguous,False,False,114
mistral,strategyqa,CC,ambiguous,False,False,99
mistral,strategyqa,CC,ambiguous,False,False,117
mistral,strategyqa,CC,specific_fix,True,True,89
mistral,strategyqa,CC,specific_fix,True,True,160
mistral,strategyqa,CC,vague_fix,True,False,103
mistral,strategyqa,CC,specific_fix,True,True,180
mistral,strategyqa,CC,specific_fix,True,True,163
mistral,strategyqa,CC,specific_fix,True,True,118
mistral,strategyqa,CC,vague_fix,True,False,72
mistral,strategyqa,CC,vague_fix,True,False,112
mistral,strategyqa,CC,specific_fix,True,True,128
mistral,strategyqa,CC,specific_fix,True,True,104
mistral,strategyqa,CC,specific_fix,True,True,109
mistral,strategyqa,CC,specific_fix,True,True,175
mistral,strategyqa,CW,vague_fix,True,False,237
mistral,strategyqa,CW,ambiguous,False,False,119
mistral,strategyqa,CW,vague_fix,True,False,174
mistral,strategyqa,CW,vague_fix,True,False,139
mistral,strategyqa,CW,ambiguous,False,True,117
mistral,strategyqa,CW,ambiguous,False,False,180
mistral,strategyqa,CW,vague_fix,True,False,167
mistral,strategyqa,CW,specific_fix,True,True,132
mistral,strategyqa,CW,vague_fix,True,False,124
mistral,strategyqa,CW,ambiguous,False,False,108
mistral,strategyqa,CW,ambiguous,False,False,138
mistral,strategyqa,CW,vague_fix,True,False,119
mistral,strategyqa,CW,specific_fix,True,True,128
mistral,strategyqa,CW,specific_fix,True,True,146
mistral,strategyqa,CW,vague_fix,True,False,71
mistral,strategyqa,CW,specific_fix,True,True,89
mistral,strategyqa,CW,vague_fix,True,False,213
mistral,strategyqa,CW,specific_fix,True,True,191
mistral,strategyqa,CW,vague_fix,True,False,127
mistral,strategyqa,CW,vague_fix,True,False,87
mistral,strategyqa,CW,ambiguous,False,True,98
mistral,strategyqa,CW,vague_fix,True,False,158
mistral,strategyqa,CW,specific_fix,True,True,94
mistral,strategyqa,CW,vague_fix,True,False,183
mistral,strategyqa,CW,vague_fix,True,False,200
mistral,strategyqa,CW,ambiguous,False,False,223
mistral,strategyqa,CW,ambiguous,False,True,151
mistral,strategyqa,CW,vague_fix,True,False,142
mistral,strategyqa,CW,specific_fix,True,True,222
mistral,strategyqa,CW,specific_fix,True,True,170
mistral,strategyqa,CW,vague_fix,True,False,211
mistral,strategyqa,CW,specific_fix,True,True,106
mistral,strategyqa,CW,specific_fix,True,True,121
mistral,strategyqa,CW,specific_fix,True,True,119
mistral,strategyqa,CW,specific_fix,True,True,84
mistral,strategyqa,CW,vague_fix,True,False,110
mistral,strategyqa,CW,specific_fix,True,True,142
mistral,strategyqa,CW,vague_fix,True,False,117
mistral,strategyqa,CW,vague_fix,True,False,104
mistral,strategyqa,CW,vague_fix,True,False,133
mistral,strategyqa,CW,vague_fix,True,False,102
mistral,strategyqa,CW,ambiguous,False,False,71
mistral,strategyqa,CW,vague_fix,True,False,173
mistral,strategyqa,CW,ambiguous,False,False,106
mistral,strategyqa,CW,specific_fix,True,True,80
mistral,strategyqa,CW,vague_fix,True,False,180
mistral,strategyqa,CW,specific_fix,True,True,139
mistral,strategyqa,CW,vague_fix,True,False,150
mistral,strategyqa,CW,vague_fix,True,False,208
mistral,strategyqa,CW,specific_fix,True,True,261
mistral,strategyqa,WC,vague_fix,True,False,197
mistral,strategyqa,WC,vague_fix,True,False,261
mistral,strategyqa,WC,vague_fix,True,False,199
mistral,strategyqa,WC,specific_fix,True,True,192
mistral,strategyqa,WC,ambiguous,False,False,121
mistral,strategyqa,WC,specific_fix,True,True,193
mistral,strategyqa,WC,specific_fix,True,True,92
mistral,strategyqa,WC,specific_fix,True,True,168
mistral,strategyqa,WC,specific_fix,True,True,198
mistral,strategyqa,WC,specific_fix,True,True,296
mistral,strategyqa,WC,confirmed_correct,False,True,160
mistral,strategyqa,WC,ambiguous,False,True,134
mistral,strategyqa,WC,vague_fix,True,False,169
mistral,strategyqa,WC,specific_fix,True,True,141
mistral,strategyqa,WC,ambiguous,False,True,104
mistral,strategyqa,WC,specific_fix,True,True,113
mistral,strategyqa,WC,ambiguous,False,True,194
mistral,strategyqa,WC,specific_fix,True,True,127
mistral,strategyqa,WC,specific_fix,True,True,110
mistral,strategyqa,WC,specific_fix,True,True,142
mistral,strategyqa,WC,specific_fix,True,True,114
mistral,strategyqa,WC,vague_fix,True,False,99
mistral,strategyqa,WC,vague_fix,True,False,141
mistral,strategyqa,WC,vague_fix,True,False,158
mistral,strategyqa,WC,ambiguous,False,False,162
mistral,strategyqa,WC,specific_fix,True,True,151
mistral,strategyqa,WC,specific_fix,True,True,235
mistral,strategyqa,WC,ambiguous,False,True,88
mistral,strategyqa,WC,ambiguous,False,True,115
mistral,strategyqa,WC,specific_fix,True,True,146
mistral,strategyqa,WC,specific_fix,True,True,197
mistral,strategyqa,WC,specific_fix,True,True,79
mistral,strategyqa,WC,specific_fix,True,True,108
mistral,strategyqa,WC,specific_fix,True,True,104
mistral,strategyqa,WC,specific_fix,True,True,155
mistral,strategyqa,WC,specific_fix,True,True,139
mistral,strategyqa,WC,specific_fix,True,True,126
mistral,strategyqa,WC,ambiguous,False,False,162
mistral,strategyqa,WC,vague_fix,True,False,133
mistral,strategyqa,WC,specific_fix,True,True,159
mistral,strategyqa,WC,specific_fix,True,True,89
mistral,strategyqa,WC,ambiguous,False,True,79
mistral,strategyqa,WC,specific_fix,True,True,136
mistral,strategyqa,WC,specific_fix,True,True,171
mistral,strategyqa,WC,specific_fix,True,True,152
mistral,strategyqa,WC,vague_fix,True,False,150
mistral,strategyqa,WC,specific_fix,True,True,112
mistral,strategyqa,WC,ambiguous,False,True,126
mistral,strategyqa,WC,vague_fix,True,False,158
mistral,strategyqa,WC,ambiguous,False,False,202
mistral,strategyqa,WW,ambiguous,False,False,148
mistral,strategyqa,WW,ambiguous,False,True,124
mistral,strategyqa,WW,vague_fix,True,False,189
mistral,strategyqa,WW,specific_fix,True,True,134
mistral,strategyqa,WW,specific_fix,True,True,76
mistral,strategyqa,WW,specific_fix,True,True,176
mistral,strategyqa,WW,ambiguous,False,True,136
mistral,strategyqa,WW,vague_fix,True,False,174
mistral,strategyqa,WW,specific_fix,True,True,201
mistral,strategyqa,WW,specific_fix,True,True,98
mistral,strategyqa,WW,vague_fix,True,False,163
mistral,strategyqa,WW,specific_fix,True,True,135
mistral,strategyqa,WW,vague_fix,True,False,171
mistral,strategyqa,WW,specific_fix,True,True,205
mistral,strategyqa,WW,vague_fix,True,False,140
mistral,strategyqa,WW,vague_fix,True,False,184
mistral,strategyqa,WW,vague_fix,True,False,174
mistral,strategyqa,WW,specific_fix,True,True,132
mistral,strategyqa,WW,ambiguous,False,True,193
mistral,strategyqa,WW,vague_fix,True,False,157
mistral,strategyqa,WW,vague_fix,True,False,165
mistral,strategyqa,WW,ambiguous,False,True,107
mistral,strategyqa,WW,vague_fix,True,False,162
mistral,strategyqa,WW,specific_fix,True,True,171
mistral,strategyqa,WW,specific_fix,True,True,236
mistral,strategyqa,WW,vague_fix,True,False,180
mistral,strategyqa,WW,specific_fix,True,True,68
mistral,strategyqa,WW,ambiguous,False,False,101
mistral,strategyqa,WW,vague_fix,True,False,115
mistral,strategyqa,WW,ambiguous,False,False,100
mistral,strategyqa,WW,vague_fix,True,False,141
mistral,strategyqa,WW,vague_fix,True,False,86
mistral,strategyqa,WW,vague_fix,True,False,126
mistral,strategyqa,WW,specific_fix,True,True,215
mistral,strategyqa,WW,specific_fix,True,True,129
mistral,strategyqa,WW,ambiguous,False,True,125
mistral,strategyqa,WW,specific_fix,True,True,216
mistral,strategyqa,WW,ambiguous,False,False,190
mistral,strategyqa,WW,vague_fix,True,False,127
mistral,strategyqa,WW,specific_fix,True,True,104
mistral,strategyqa,WW,specific_fix,True,True,104
mistral,strategyqa,WW,specific_fix,True,True,134
mistral,strategyqa,WW,specific_fix,True,True,103
mistral,strategyqa,WW,vague_fix,True,False,217
mistral,strategyqa,WW,specific_fix,True,True,90
mistral,strategyqa,WW,vague_fix,True,False,135
mistral,strategyqa,WW,specific_fix,True,True,167
mistral,strategyqa,WW,ambiguous,False,True,207
mistral,strategyqa,WW,specific_fix,True,True,116
mistral,strategyqa,WW,specific_fix,True,True,170
mistral,humaneval,CC,vague_fix,True,False,264
mistral,humaneval,CC,vague_fix,True,False,160
mistral,humaneval,CC,vague_fix,True,False,147
mistral,humaneval,CC,specific_fix,True,True,243
mistral,humaneval,CC,vague_fix,True,False,315
mistral,humaneval,CC,specific_fix,True,True,268
mistral,humaneval,CC,vague_fix,True,False,123
mistral,humaneval,CC,vague_fix,True,False,340
mistral,humaneval,CC,vague_fix,True,False,225
mistral,humaneval,CC,vague_fix,True,False,136
mistral,humaneval,CC,vague_fix,True,False,265
mistral,humaneval,CC,vague_fix,True,False,263
mistral,humaneval,CC,vague_fix,True,False,184
mistral,humaneval,CC,vague_fix,True,False,205
mistral,humaneval,CC,vague_fix,True,False,382
mistral,humaneval,CC,vague_fix,True,False,145
mistral,humaneval,CW,specific_fix,True,True,234
mistral,humaneval,CW,specific_fix,True,True,311
mistral,humaneval,CW,vague_fix,True,False,128
mistral,humaneval,CW,specific_fix,True,True,134
mistral,humaneval,CW,vague_fix,True,False,241
mistral,humaneval,CW,specific_fix,True,True,263
mistral,humaneval,CW,vague_fix,True,False,170
mistral,humaneval,CW,specific_fix,True,True,170
mistral,humaneval,CW,vague_fix,True,False,227
mistral,humaneval,CW,vague_fix,True,False,225
mistral,humaneval,CW,vague_fix,True,False,128
mistral,humaneval,CW,vague_fix,True,False,275
mistral,humaneval,WC,specific_fix,True,True,187
mistral,humaneval,WC,vague_fix,True,False,208
mistral,humaneval,WC,vague_fix,True,False,195
mistral,humaneval,WC,specific_fix,True,True,304
mistral,humaneval,WC,specific_fix,True,True,101
mistral,humaneval,WC,vague_fix,True,False,147
mistral,humaneval,WC,vague_fix,True,False,284
mistral,humaneval,WC,vague_fix,True,False,244
mistral,humaneval,WC,vague_fix,True,False,152
mistral,humaneval,WC,specific_fix,True,True,168
mistral,humaneval,WC,specific_fix,True,True,212
mistral,humaneval,WC,vague_fix,True,False,185
mistral,humaneval,WC,specific_fix,True,True,194
mistral,humaneval,WC,vague_fix,True,False,286
mistral,humaneval,WC,specific_fix,True,True,248
mistral,humaneval,WC,vague_fix,True,False,248
mistral,humaneval,WC,vague_fix,True,False,195
mistral,humaneval,WW,vague_fix,True,False,603
mistral,humaneval,WW,specific_fix,True,True,247
mistral,humaneval,WW,specific_fix,True,True,361
mistral,humaneval,WW,specific_fix,True,True,216
mistral,humaneval,WW,specific_fix,True,True,312
mistral,humaneval,WW,vague_fix,True,False,112
mistral,humaneval,WW,specific_fix,True,True,225
mistral,humaneval,WW,vague_fix,True,False,390
mistral,humaneval,WW,vague_fix,True,False,215
mistral,humaneval,WW,vague_fix,True,False,115
mistral,humaneval,WW,specific_fix,True,True,248
mistral,humaneval,WW,vague_fix,True,False,257
mistral,humaneval,WW,vague_fix,True,False,118
mistral,humaneval,WW,vague_fix,True,False,352
mistral,humaneval,WW,vague_fix,True,False,212
mistral,humaneval,WW,vague_fix,True,False,169
mistral,humaneval,WW,specific_fix,True,True,124
mistral,humaneval,WW,specific_fix,True,True,499
mistral,humaneval,WW,vague_fix,True,False,262
mistral,humaneval,WW,vague_fix,True,False,86
mistral,humaneval,WW,vague_fix,True,False,161
mistral,humaneval,WW,specific_fix,True,True,190
mistral,humaneval,WW,specific_fix,True,True,480
mistral,humaneval,WW,vague_fix,True,False,329
mistral,humaneval,WW,vague_fix,True,False,322
mistral,humaneval,WW,vague_fix,True,False,316
mistral,humaneval,WW,vague_fix,True,False,301
mistral,humaneval,WW,specific_fix,True,True,140
mistral,humaneval,WW,vague_fix,True,False,259
mistral,humaneval,WW,specific_fix,True,True,418
mistral,humaneval,WW,specific_fix,True,True,166
mistral,humaneval,WW,specific_fix,True,True,231
mistral,humaneval,WW,vague_fix,True,False,122
mistral,humaneval,WW,specific_fix,True,True,135
mistral,humaneval,WW,specific_fix,True,True,236
mistral,humaneval,WW,vague_fix,True,False,243
mistral,humaneval,WW,vague_fix,True,False,303
mistral,humaneval,WW,vague_fix,True,False,141
mistral,humaneval,WW,vague_fix,True,False,136
mistral,humaneval,WW,specific_fix,True,True,391
mistral,humaneval,WW,vague_fix,True,False,192
mistral,humaneval,WW,vague_fix,True,False,331
mistral,humaneval,WW,specific_fix,True,True,349
mistral,humaneval,WW,specific_fix,True,True,384
mistral,humaneval,WW,vague_fix,True,False,201
mistral,humaneval,WW,vague_fix,True,False,212
mistral,humaneval,WW,vague_fix,True,False,280
mistral,humaneval,WW,specific_fix,True,True,365
mistral,humaneval,WW,vague_fix,True,False,187
mistral,humaneval,WW,specific_fix,True,True,199
qwen,gsm8k,CC,specific_fix,True,True,192
qwen,gsm8k,CC,specific_fix,True,True,177
qwen,gsm8k,CC,specific_fix,True,True,170
qwen,gsm8k,CC,vague_fix,True,False,20
qwen,gsm8k,CC,vague_fix,True,False,12
qwen,gsm8k,CC,specific_fix,True,True,118
qwen,gsm8k,CC,vague_fix,True,False,15
qwen,gsm8k,CC,specific_fix,True,True,714
qwen,gsm8k,CC,vague_fix,True,False,11
qwen,gsm8k,CC,vague_fix,True,False,10
qwen,gsm8k,CC,specific_fix,True,True,125
qwen,gsm8k,CC,specific_fix,True,True,561
qwen,gsm8k,CC,vague_fix,True,False,14
qwen,gsm8k,CC,vague_fix,True,False,16
qwen,gsm8k,CC,vague_fix,True,False,460
qwen,gsm8k,CC,specific_fix,True,True,774
qwen,gsm8k,CC,vague_fix,True,False,15
qwen,gsm8k,CC,vague_fix,True,False,8
qwen,gsm8k,CC,specific_fix,True,True,163
qwen,gsm8k,CC,vague_fix,True,False,22
qwen,gsm8k,CC,specific_fix,True,True,236
qwen,gsm8k,CC,vague_fix,True,False,20
qwen,gsm8k,CC,specific_fix,True,True,132
qwen,gsm8k,CC,specific_fix,True,True,501
qwen,gsm8k,CC,vague_fix,True,False,22
qwen,gsm8k,CC,vague_fix,True,False,18
qwen,gsm8k,CC,specific_fix,True,True,266
qwen,gsm8k,CC,ambiguous,False,True,250
qwen,gsm8k,CC,vague_fix,True,False,10
qwen,gsm8k,CC,vague_fix,True,False,17
qwen,gsm8k,CC,vague_fix,True,False,13
qwen,gsm8k,CC,specific_fix,True,True,455
qwen,gsm8k,CC,vague_fix,True,False,36
qwen,gsm8k,CC,vague_fix,True,False,11
qwen,gsm8k,CC,specific_fix,True,True,232
qwen,gsm8k,CC,specific_fix,True,True,218
qwen,gsm8k,CC,specific_fix,True,True,27
qwen,gsm8k,CC,vague_fix,True,False,14
qwen,gsm8k,CC,vague_fix,True,False,14
qwen,gsm8k,CC,vague_fix,True,False,25
qwen,gsm8k,CC,ambiguous,False,True,807
qwen,gsm8k,CC,vague_fix,True,False,19
qwen,gsm8k,CC,vague_fix,True,False,16
qwen,gsm8k,CC,vague_fix,True,False,14
qwen,gsm8k,CC,vague_fix,True,False,8
qwen,gsm8k,CC,vague_fix,True,False,12
qwen,gsm8k,CC,specific_fix,True,True,177
qwen,gsm8k,CC,specific_fix,True,True,215
qwen,gsm8k,CC,vague_fix,True,False,10
qwen,gsm8k,CC,specific_fix,True,True,845
qwen,gsm8k,CW,vague_fix,True,False,38
qwen,gsm8k,CW,vague_fix,True,False,19
qwen,gsm8k,CW,ambiguous,False,False,658
qwen,gsm8k,CW,specific_fix,True,True,169
qwen,gsm8k,CW,vague_fix,True,False,26
qwen,gsm8k,CW,vague_fix,True,False,266
qwen,gsm8k,CW,vague_fix,True,False,12
qwen,gsm8k,CW,vague_fix,True,False,78
qwen,gsm8k,CW,specific_fix,True,True,74
qwen,gsm8k,CW,specific_fix,True,True,147
qwen,gsm8k,CW,specific_fix,True,True,153
qwen,gsm8k,CW,specific_fix,True,True,770
qwen,gsm8k,CW,vague_fix,True,False,464
qwen,gsm8k,CW,vague_fix,True,False,18
qwen,gsm8k,CW,specific_fix,True,True,62
qwen,gsm8k,CW,specific_fix,True,True,138
qwen,gsm8k,CW,specific_fix,True,True,320
qwen,gsm8k,CW,specific_fix,True,True,212
qwen,gsm8k,CW,specific_fix,True,True,147
qwen,gsm8k,CW,specific_fix,True,True,262
qwen,gsm8k,CW,specific_fix,True,True,216
qwen,gsm8k,CW,vague_fix,True,False,25
qwen,gsm8k,CW,specific_fix,True,True,366
qwen,gsm8k,CW,specific_fix,True,True,750
qwen,gsm8k,CW,specific_fix,True,True,742
qwen,gsm8k,CW,specific_fix,True,True,267
qwen,gsm8k,CW,vague_fix,True,False,12
qwen,gsm8k,CW,specific_fix,True,True,171
qwen,gsm8k,CW,specific_fix,True,True,287
qwen,gsm8k,CW,specific_fix,True,True,169
qwen,gsm8k,CW,vague_fix,True,False,13
qwen,gsm8k,CW,specific_fix,True,True,234
qwen,gsm8k,CW,vague_fix,True,False,284
qwen,gsm8k,CW,specific_fix,True,True,257
qwen,gsm8k,CW,specific_fix,True,True,296
qwen,gsm8k,CW,specific_fix,True,True,297
qwen,gsm8k,CW,vague_fix,True,False,18
qwen,gsm8k,CW,specific_fix,True,True,382
qwen,gsm8k,CW,specific_fix,True,True,188
qwen,gsm8k,CW,vague_fix,True,False,16
qwen,gsm8k,CW,specific_fix,True,True,848
qwen,gsm8k,CW,specific_fix,True,True,761
qwen,gsm8k,CW,specific_fix,True,True,419
qwen,gsm8k,CW,specific_fix,True,True,164
qwen,gsm8k,CW,vague_fix,True,False,19
qwen,gsm8k,CW,specific_fix,True,True,337
qwen,gsm8k,CW,specific_fix,True,True,145
qwen,gsm8k,CW,specific_fix,True,True,796
qwen,gsm8k,CW,specific_fix,True,True,146
qwen,gsm8k,CW,specific_fix,True,True,183
qwen,gsm8k,WC,vague_fix,True,False,40
qwen,gsm8k,WC,vague_fix,True,False,208
qwen,gsm8k,WC,specific_fix,True,True,101
qwen,gsm8k,WC,vague_fix,True,False,18
qwen,gsm8k,WC,vague_fix,True,False,17
qwen,gsm8k,WC,ambiguous,False,True,52
qwen,gsm8k,WC,vague_fix,True,False,14
qwen,gsm8k,WC,vague_fix,True,False,15
qwen,gsm8k,WC,vague_fix,True,False,15
qwen,gsm8k,WC,ambiguous,False,True,198
qwen,gsm8k,WC,vague_fix,True,False,10
qwen,gsm8k,WW,specific_fix,True,True,178
qwen,gsm8k,WW,specific_fix,True,True,33
qwen,gsm8k,WW,specific_fix,True,True,193
qwen,gsm8k,WW,specific_fix,True,True,360
qwen,gsm8k,WW,specific_fix,True,True,384
qwen,gsm8k,WW,specific_fix,True,True,186
qwen,gsm8k,WW,specific_fix,True,True,204
qwen,gsm8k,WW,vague_fix,True,False,10
qwen,gsm8k,WW,vague_fix,True,False,18
qwen,gsm8k,WW,specific_fix,True,True,216
qwen,gsm8k,WW,specific_fix,True,True,262
qwen,gsm8k,WW,specific_fix,True,True,552
qwen,gsm8k,WW,specific_fix,True,True,168
qwen,gsm8k,WW,specific_fix,True,True,161
qwen,gsm8k,WW,specific_fix,True,True,826
qwen,gsm8k,WW,specific_fix,True,True,189
qwen,gsm8k,WW,specific_fix,True,True,188
qwen,gsm8k,WW,specific_fix,True,True,234
qwen,gsm8k,WW,specific_fix,True,True,222
qwen,gsm8k,WW,specific_fix,True,True,200
qwen,gsm8k,WW,vague_fix,True,False,15
qwen,gsm8k,WW,specific_fix,True,True,194
qwen,gsm8k,WW,specific_fix,True,True,272
qwen,gsm8k,WW,specific_fix,True,True,211
qwen,gsm8k,WW,specific_fix,True,True,699
qwen,gsm8k,WW,specific_fix,True,True,207
qwen,gsm8k,WW,specific_fix,True,True,201
qwen,gsm8k,WW,specific_fix,True,True,197
qwen,gsm8k,WW,specific_fix,True,True,354
qwen,gsm8k,WW,vague_fix,True,False,11
qwen,gsm8k,WW,specific_fix,True,True,679
qwen,gsm8k,WW,specific_fix,True,True,278
qwen,gsm8k,WW,specific_fix,True,True,267
qwen,gsm8k,WW,vague_fix,True,False,18
qwen,gsm8k,WW,vague_fix,True,False,10
qwen,gsm8k,WW,specific_fix,True,True,186
qwen,gsm8k,WW,ambiguous,False,False,14
qwen,gsm8k,WW,vague_fix,True,False,20
qwen,gsm8k,WW,specific_fix,True,True,182
qwen,gsm8k,WW,vague_fix,True,False,22
qwen,gsm8k,WW,vague_fix,True,False,15
qwen,gsm8k,WW,specific_fix,True,True,215
qwen,gsm8k,WW,specific_fix,True,True,697
qwen,gsm8k,WW,vague_fix,True,False,14
qwen,gsm8k,WW,specific_fix,True,True,232
qwen,gsm8k,WW,vague_fix,True,False,10
qwen,gsm8k,WW,vague_fix,True,False,160
qwen,gsm8k,WW,vague_fix,True,False,152
qwen,gsm8k,WW,vague_fix,True,False,8
qwen,gsm8k,WW,vague_fix,True,False,22
qwen,triviaqa,CC,ambiguous,False,False,696
qwen,triviaqa,CC,ambiguous,False,False,692
qwen,triviaqa,CC,ambiguous,False,False,783
qwen,triviaqa,CC,ambiguous,False,False,908
qwen,triviaqa,CC,ambiguous,False,False,74
qwen,triviaqa,CC,specific_fix,True,True,552
qwen,triviaqa,CC,ambiguous,False,False,703
qwen,triviaqa,CC,ambiguous,False,False,744
qwen,triviaqa,CC,ambiguous,False,False,161
qwen,triviaqa,CC,ambiguous,False,False,853
qwen,triviaqa,CC,ambiguous,False,False,774
qwen,triviaqa,CC,ambiguous,False,False,322
qwen,triviaqa,CC,ambiguous,False,False,522
qwen,triviaqa,CC,ambiguous,False,False,768
qwen,triviaqa,CC,specific_fix,True,True,853
qwen,triviaqa,CC,ambiguous,False,False,760
qwen,triviaqa,CC,ambiguous,False,False,858
qwen,triviaqa,CC,specific_fix,True,True,697
qwen,triviaqa,CC,ambiguous,False,False,519
qwen,triviaqa,CC,specific_fix,True,True,808
qwen,triviaqa,CC,vague_fix,True,False,225
qwen,triviaqa,CC,ambiguous,False,False,161
qwen,triviaqa,CC,vague_fix,True,False,182
qwen,triviaqa,CC,ambiguous,False,False,787
qwen,triviaqa,CC,ambiguous,False,False,673
qwen,triviaqa,CC,ambiguous,False,False,528
qwen,triviaqa,CC,ambiguous,False,True,736
qwen,triviaqa,CC,ambiguous,False,False,521
qwen,triviaqa,CC,ambiguous,False,False,652
qwen,triviaqa,CC,vague_fix,True,False,536
qwen,triviaqa,CC,ambiguous,False,False,753
qwen,triviaqa,CC,ambiguous,False,False,217
qwen,triviaqa,CC,specific_fix,True,True,59
qwen,triviaqa,CC,ambiguous,False,False,820
qwen,triviaqa,CC,ambiguous,False,False,908
qwen,triviaqa,CC,ambiguous,False,False,661
qwen,triviaqa,CC,ambiguous,False,False,12
qwen,triviaqa,CC,specific_fix,True,True,44
qwen,triviaqa,CC,specific_fix,True,True,42
qwen,triviaqa,CC,ambiguous,False,False,904
qwen,triviaqa,CC,ambiguous,False,False,522
qwen,triviaqa,CC,ambiguous,False,False,73
qwen,triviaqa,CC,ambiguous,False,False,33
qwen,triviaqa,CC,ambiguous,False,False,94
qwen,triviaqa,CC,ambiguous,False,False,299
qwen,triviaqa,CC,ambiguous,False,False,818
qwen,triviaqa,CC,ambiguous,False,False,780
qwen,triviaqa,CC,ambiguous,False,False,248
qwen,triviaqa,CC,ambiguous,False,False,154
qwen,triviaqa,CC,ambiguous,False,False,300
qwen,triviaqa,CW,ambiguous,False,False,11
qwen,triviaqa,CW,ambiguous,False,False,9
qwen,triviaqa,CW,ambiguous,False,False,51
qwen,triviaqa,CW,ambiguous,False,False,65
qwen,triviaqa,CW,ambiguous,False,False,2
qwen,triviaqa,CW,ambiguous,False,False,2
qwen,triviaqa,CW,specific_fix,True,True,69
qwen,triviaqa,CW,ambiguous,False,False,774
qwen,triviaqa,CW,ambiguous,False,False,2
qwen,triviaqa,CW,ambiguous,False,False,2
qwen,triviaqa,CW,ambiguous,False,False,3
qwen,triviaqa,CW,ambiguous,False,False,11
qwen,triviaqa,CW,ambiguous,False,False,3
qwen,triviaqa,CW,ambiguous,False,False,11
qwen,triviaqa,CW,ambiguous,False,False,2
qwen,triviaqa,CW,ambiguous,False,False,9
qwen,triviaqa,CW,ambiguous,False,False,150
qwen,triviaqa,CW,ambiguous,False,False,32
qwen,triviaqa,CW,ambiguous,False,False,30
qwen,triviaqa,CW,ambiguous,False,False,13
qwen,triviaqa,CW,ambiguous,False,False,11
qwen,triviaqa,CW,ambiguous,False,False,11
qwen,triviaqa,CW,ambiguous,False,False,9
qwen,triviaqa,CW,ambiguous,False,False,13
qwen,triviaqa,CW,ambiguous,False,False,307
qwen,triviaqa,CW,ambiguous,False,False,2
qwen,triviaqa,CW,ambiguous,False,False,2
qwen,triviaqa,CW,ambiguous,False,False,2
qwen,triviaqa,CW,ambiguous,False,False,9
qwen,triviaqa,CW,ambiguous,False,False,3
qwen,triviaqa,CW,ambiguous,False,False,11
qwen,triviaqa,CW,ambiguous,False,False,2
qwen,triviaqa,CW,ambiguous,False,False,2
qwen,triviaqa,CW,ambiguous,False,False,9
qwen,triviaqa,CW,ambiguous,False,False,148
qwen,triviaqa,CW,ambiguous,False,False,6
qwen,triviaqa,CW,ambiguous,False,False,2
qwen,triviaqa,CW,specific_fix,True,True,843
qwen,triviaqa,CW,ambiguous,False,False,2
qwen,triviaqa,CW,ambiguous,False,False,227
qwen,triviaqa,CW,ambiguous,False,False,11
qwen,triviaqa,CW,ambiguous,False,False,2
qwen,triviaqa,CW,ambiguous,False,False,9
qwen,triviaqa,CW,ambiguous,False,False,9
qwen,triviaqa,CW,ambiguous,False,False,154
qwen,triviaqa,CW,ambiguous,False,False,16
qwen,triviaqa,CW,ambiguous,False,False,232
qwen,triviaqa,CW,ambiguous,False,False,10
qwen,triviaqa,CW,ambiguous,False,False,6
qwen,triviaqa,CW,ambiguous,False,False,2
qwen,triviaqa,WC,specific_fix,True,True,578
qwen,triviaqa,WW,ambiguous,False,False,675
qwen,triviaqa,WW,ambiguous,False,False,518
qwen,triviaqa,WW,ambiguous,False,False,26
qwen,triviaqa,WW,ambiguous,False,False,25
qwen,triviaqa,WW,ambiguous,False,False,11
qwen,triviaqa,WW,ambiguous,False,False,21
qwen,triviaqa,WW,ambiguous,False,False,698
qwen,triviaqa,WW,ambiguous,False,False,770
qwen,triviaqa,WW,ambiguous,False,True,729
qwen,triviaqa,WW,ambiguous,False,False,752
qwen,triviaqa,WW,ambiguous,False,False,855
qwen,triviaqa,WW,specific_fix,True,True,357
qwen,triviaqa,WW,ambiguous,False,True,9
qwen,triviaqa,WW,ambiguous,False,False,13
qwen,triviaqa,WW,ambiguous,False,False,6
qwen,triviaqa,WW,vague_fix,True,False,71
qwen,triviaqa,WW,ambiguous,False,False,777
qwen,triviaqa,WW,ambiguous,False,False,762
qwen,triviaqa,WW,ambiguous,False,False,217
qwen,triviaqa,WW,ambiguous,False,False,32
qwen,triviaqa,WW,ambiguous,False,False,145
qwen,triviaqa,WW,ambiguous,False,False,777
qwen,triviaqa,WW,ambiguous,False,False,207
qwen,triviaqa,WW,ambiguous,False,False,28
qwen,triviaqa,WW,specific_fix,True,True,774
qwen,triviaqa,WW,specific_fix,True,True,644
qwen,triviaqa,WW,ambiguous,False,False,33
qwen,triviaqa,WW,ambiguous,False,False,769
qwen,triviaqa,WW,ambiguous,False,False,799
qwen,triviaqa,WW,vague_fix,True,False,292
qwen,triviaqa,WW,ambiguous,False,False,46
qwen,triviaqa,WW,ambiguous,False,False,519
qwen,triviaqa,WW,ambiguous,False,False,16
qwen,triviaqa,WW,ambiguous,False,False,106
qwen,triviaqa,WW,ambiguous,False,False,9
qwen,triviaqa,WW,ambiguous,False,False,868
qwen,triviaqa,WW,ambiguous,False,False,42
qwen,triviaqa,WW,ambiguous,False,False,726
qwen,triviaqa,WW,ambiguous,False,False,701
qwen,triviaqa,WW,ambiguous,False,False,824
qwen,triviaqa,WW,specific_fix,True,True,312
qwen,triviaqa,WW,ambiguous,False,False,519
qwen,triviaqa,WW,ambiguous,False,False,820
qwen,triviaqa,WW,ambiguous,False,False,16
qwen,triviaqa,WW,ambiguous,False,False,533
qwen,triviaqa,WW,ambiguous,False,False,321
qwen,triviaqa,WW,ambiguous,False,False,25
qwen,triviaqa,WW,specific_fix,True,True,92
qwen,triviaqa,WW,ambiguous,False,False,11
qwen,triviaqa,WW,ambiguous,False,False,2
qwen,strategyqa,CC,vague_fix,True,False,70
qwen,strategyqa,CC,ambiguous,False,False,145
qwen,strategyqa,CC,vague_fix,True,False,99
qwen,strategyqa,CC,ambiguous,False,False,52
qwen,strategyqa,CC,ambiguous,False,False,45
qwen,strategyqa,CC,ambiguous,False,True,79
qwen,strategyqa,CC,vague_fix,True,False,298
qwen,strategyqa,CC,ambiguous,False,False,68
qwen,strategyqa,CC,vague_fix,True,False,38
qwen,strategyqa,CC,ambiguous,False,True,225
qwen,strategyqa,CC,vague_fix,True,False,33
qwen,strategyqa,CC,ambiguous,False,False,70
qwen,strategyqa,CC,vague_fix,True,False,32
qwen,strategyqa,CC,ambiguous,False,False,25
qwen,strategyqa,CC,ambiguous,False,False,720
qwen,strategyqa,CC,vague_fix,True,False,59
qwen,strategyqa,CC,ambiguous,False,False,61
qwen,strategyqa,CC,vague_fix,True,False,37
qwen,strategyqa,CC,vague_fix,True,False,166
qwen,strategyqa,CC,ambiguous,False,False,648
qwen,strategyqa,CC,ambiguous,False,False,34
qwen,strategyqa,CC,vague_fix,True,False,50
qwen,strategyqa,CC,ambiguous,False,False,14
qwen,strategyqa,CC,ambiguous,False,False,44
qwen,strategyqa,CC,ambiguous,False,False,56
qwen,strategyqa,CC,ambiguous,False,False,29
qwen,strategyqa,CC,vague_fix,True,False,51
qwen,strategyqa,CC,ambiguous,False,False,79
qwen,strategyqa,CC,specific_fix,True,True,802
qwen,strategyqa,CC,specific_fix,True,True,197
qwen,strategyqa,CC,vague_fix,True,False,41
qwen,strategyqa,CC,ambiguous,False,True,58
qwen,strategyqa,CC,vague_fix,True,False,33
qwen,strategyqa,CC,vague_fix,True,False,163
qwen,strategyqa,CC,ambiguous,False,False,68
qwen,strategyqa,CC,ambiguous,False,False,30
qwen,strategyqa,CC,ambiguous,False,False,51
qwen,strategyqa,CC,vague_fix,True,False,35
qwen,strategyqa,CC,ambiguous,False,False,39
qwen,strategyqa,CC,ambiguous,False,False,74
qwen,strategyqa,CC,vague_fix,True,False,33
qwen,strategyqa,CC,ambiguous,False,False,56
qwen,strategyqa,CC,ambiguous,False,False,65
qwen,strategyqa,CC,specific_fix,True,True,233
qwen,strategyqa,CC,vague_fix,True,False,42
qwen,strategyqa,CC,vague_fix,True,False,176
qwen,strategyqa,CC,vague_fix,True,False,26
qwen,strategyqa,CC,vague_fix,True,False,66
qwen,strategyqa,CC,ambiguous,False,False,52
qwen,strategyqa,CC,ambiguous,False,False,11
qwen,strategyqa,CW,ambiguous,False,True,117
qwen,strategyqa,CW,ambiguous,False,False,65
qwen,strategyqa,CW,vague_fix,True,False,43
qwen,strategyqa,CW,ambiguous,False,False,473
qwen,strategyqa,CW,vague_fix,True,False,150
qwen,strategyqa,CW,vague_fix,True,False,32
qwen,strategyqa,CW,specific_fix,True,True,38
qwen,strategyqa,CW,vague_fix,True,False,97
qwen,strategyqa,CW,ambiguous,False,False,54
qwen,strategyqa,CW,vague_fix,True,False,51
qwen,strategyqa,CW,vague_fix,True,False,37
qwen,strategyqa,CW,ambiguous,False,False,78
qwen,strategyqa,CW,specific_fix,True,True,225
qwen,strategyqa,CW,ambiguous,False,False,369
qwen,strategyqa,CW,ambiguous,False,False,90
qwen,strategyqa,CW,ambiguous,False,False,1
qwen,strategyqa,CW,vague_fix,True,False,816
qwen,strategyqa,CW,ambiguous,False,False,51
qwen,strategyqa,CW,vague_fix,True,False,135
qwen,strategyqa,CW,ambiguous,False,False,29
qwen,strategyqa,CW,specific_fix,True,True,753
qwen,strategyqa,CW,vague_fix,True,False,514
qwen,strategyqa,CW,vague_fix,True,False,76
qwen,strategyqa,CW,vague_fix,True,False,92
qwen,strategyqa,CW,ambiguous,False,False,38
qwen,strategyqa,CW,vague_fix,True,False,694
qwen,strategyqa,CW,vague_fix,True,False,54
qwen,strategyqa,CW,ambiguous,False,False,188
qwen,strategyqa,CW,ambiguous,False,False,198
qwen,strategyqa,CW,ambiguous,False,False,33
qwen,strategyqa,CW,ambiguous,False,False,102
qwen,strategyqa,CW,vague_fix,True,False,51
qwen,strategyqa,CW,vague_fix,True,False,36
qwen,strategyqa,CW,vague_fix,True,False,23
qwen,strategyqa,CW,ambiguous,False,False,24
qwen,strategyqa,CW,ambiguous,False,False,523
qwen,strategyqa,CW,vague_fix,True,False,41
qwen,strategyqa,CW,ambiguous,False,True,737
qwen,strategyqa,CW,vague_fix,True,False,63
qwen,strategyqa,CW,ambiguous,False,False,145
qwen,strategyqa,CW,ambiguous,False,False,795
qwen,strategyqa,CW,ambiguous,False,False,26
qwen,strategyqa,CW,vague_fix,True,False,761
qwen,strategyqa,CW,vague_fix,True,False,30
qwen,strategyqa,CW,ambiguous,False,False,88
qwen,strategyqa,CW,ambiguous,False,False,28
qwen,strategyqa,CW,ambiguous,False,False,79
qwen,strategyqa,CW,vague_fix,True,False,80
qwen,strategyqa,CW,ambiguous,False,False,129
qwen,strategyqa,CW,vague_fix,True,False,38
qwen,strategyqa,WC,ambiguous,False,False,43
qwen,strategyqa,WC,vague_fix,True,False,89
qwen,strategyqa,WC,vague_fix,True,False,62
qwen,strategyqa,WC,ambiguous,False,False,40
qwen,strategyqa,WC,ambiguous,False,False,62
qwen,strategyqa,WC,vague_fix,True,False,71
qwen,strategyqa,WC,ambiguous,False,False,112
qwen,strategyqa,WC,vague_fix,True,False,59
qwen,strategyqa,WC,vague_fix,True,False,68
qwen,strategyqa,WC,ambiguous,False,False,63
qwen,strategyqa,WC,vague_fix,True,False,52
qwen,strategyqa,WC,specific_fix,True,True,102
qwen,strategyqa,WC,ambiguous,False,False,76
qwen,strategyqa,WC,ambiguous,False,False,898
qwen,strategyqa,WC,vague_fix,True,False,55
qwen,strategyqa,WC,ambiguous,False,False,70
qwen,strategyqa,WC,ambiguous,False,True,259
qwen,strategyqa,WC,vague_fix,True,False,40
qwen,strategyqa,WC,ambiguous,False,False,77
qwen,strategyqa,WC,ambiguous,False,False,78
qwen,strategyqa,WC,ambiguous,False,False,71
qwen,strategyqa,WC,ambiguous,False,False,29
qwen,strategyqa,WC,vague_fix,True,False,83
qwen,strategyqa,WC,vague_fix,True,False,142
qwen,strategyqa,WC,ambiguous,False,False,531
qwen,strategyqa,WC,specific_fix,True,True,260
qwen,strategyqa,WC,vague_fix,True,False,42
qwen,strategyqa,WC,vague_fix,True,False,113
qwen,strategyqa,WC,vague_fix,True,False,147
qwen,strategyqa,WC,vague_fix,True,False,51
qwen,strategyqa,WC,ambiguous,False,False,61
qwen,strategyqa,WC,vague_fix,True,False,30
qwen,strategyqa,WC,ambiguous,False,False,61
qwen,strategyqa,WC,vague_fix,True,False,31
qwen,strategyqa,WC,ambiguous,False,False,118
qwen,strategyqa,WC,vague_fix,True,False,71
qwen,strategyqa,WC,ambiguous,False,False,66
qwen,strategyqa,WC,ambiguous,False,False,841
qwen,strategyqa,WC,ambiguous,False,False,40
qwen,strategyqa,WC,ambiguous,False,False,83
qwen,strategyqa,WC,ambiguous,False,False,29
qwen,strategyqa,WC,ambiguous,False,False,52
qwen,strategyqa,WC,vague_fix,True,False,63
qwen,strategyqa,WC,ambiguous,False,False,19
qwen,strategyqa,WC,vague_fix,True,False,105
qwen,strategyqa,WC,ambiguous,False,False,120
qwen,strategyqa,WC,ambiguous,False,False,703
qwen,strategyqa,WC,ambiguous,False,False,96
qwen,strategyqa,WC,vague_fix,True,False,98
qwen,strategyqa,WC,vague_fix,True,False,40
qwen,strategyqa,WW,ambiguous,False,False,106
qwen,strategyqa,WW,ambiguous,False,False,124
qwen,strategyqa,WW,ambiguous,False,False,27
qwen,strategyqa,WW,ambiguous,False,False,35
qwen,strategyqa,WW,ambiguous,False,False,24
qwen,strategyqa,WW,ambiguous,False,False,73
qwen,strategyqa,WW,confirmed_correct,False,False,836
qwen,strategyqa,WW,vague_fix,True,False,682
qwen,strategyqa,WW,vague_fix,True,False,771
qwen,strategyqa,WW,ambiguous,False,True,166
qwen,strategyqa,WW,ambiguous,False,False,77
qwen,strategyqa,WW,ambiguous,False,False,32
qwen,strategyqa,WW,vague_fix,True,False,87
qwen,strategyqa,WW,ambiguous,False,False,67
qwen,strategyqa,WW,ambiguous,False,False,599
qwen,strategyqa,WW,ambiguous,False,False,151
qwen,strategyqa,WW,ambiguous,False,False,72
qwen,strategyqa,WW,ambiguous,False,False,118
qwen,strategyqa,WW,ambiguous,False,False,28
qwen,strategyqa,WW,specific_fix,True,True,63
qwen,strategyqa,WW,vague_fix,True,False,69
qwen,strategyqa,WW,ambiguous,False,False,31
qwen,strategyqa,WW,ambiguous,False,False,27
qwen,strategyqa,WW,vague_fix,True,False,44
qwen,strategyqa,WW,ambiguous,False,False,22
qwen,strategyqa,WW,ambiguous,False,False,69
qwen,strategyqa,WW,ambiguous,False,False,53
qwen,strategyqa,WW,ambiguous,False,False,71
qwen,strategyqa,WW,ambiguous,False,False,768
qwen,strategyqa,WW,vague_fix,True,False,162
qwen,strategyqa,WW,ambiguous,False,True,514
qwen,strategyqa,WW,vague_fix,True,False,22
qwen,strategyqa,WW,ambiguous,False,False,60
qwen,strategyqa,WW,vague_fix,True,False,793
qwen,strategyqa,WW,ambiguous,False,False,41
qwen,strategyqa,WW,ambiguous,False,False,11
qwen,strategyqa,WW,ambiguous,False,False,790
qwen,strategyqa,WW,specific_fix,True,True,87
qwen,strategyqa,WW,ambiguous,False,False,82
qwen,strategyqa,WW,ambiguous,False,False,792
qwen,strategyqa,WW,vague_fix,True,False,49
qwen,strategyqa,WW,ambiguous,False,False,13
qwen,strategyqa,WW,ambiguous,False,True,149
qwen,strategyqa,WW,vague_fix,True,False,113
qwen,strategyqa,WW,ambiguous,False,False,83
qwen,strategyqa,WW,vague_fix,True,False,80
qwen,strategyqa,WW,ambiguous,False,False,46
qwen,strategyqa,WW,ambiguous,False,False,89
qwen,strategyqa,WW,ambiguous,False,False,22
qwen,strategyqa,WW,specific_fix,True,True,409
qwen,humaneval,CC,vague_fix,True,False,115
qwen,humaneval,CC,ambiguous,False,True,38
qwen,humaneval,CC,ambiguous,False,False,27
qwen,humaneval,CC,vague_fix,True,False,139
qwen,humaneval,CC,vague_fix,True,False,138
qwen,humaneval,CC,vague_fix,True,False,67
qwen,humaneval,CC,vague_fix,True,False,147
qwen,humaneval,CC,vague_fix,True,False,140
qwen,humaneval,CC,vague_fix,True,False,113
qwen,humaneval,CC,vague_fix,True,False,83
qwen,humaneval,CC,ambiguous,False,False,77
qwen,humaneval,CC,vague_fix,True,False,196
qwen,humaneval,CC,specific_fix,True,True,88
qwen,humaneval,CC,vague_fix,True,False,181
qwen,humaneval,CC,vague_fix,True,False,132
qwen,humaneval,CC,vague_fix,True,False,130
qwen,humaneval,CC,specific_fix,True,True,158
qwen,humaneval,CC,vague_fix,True,False,570
qwen,humaneval,CC,vague_fix,True,False,97
qwen,humaneval,CC,vague_fix,True,False,108
qwen,humaneval,CC,ambiguous,False,False,54
qwen,humaneval,CC,vague_fix,True,False,158
qwen,humaneval,CC,vague_fix,True,False,75
qwen,humaneval,CC,vague_fix,True,False,77
qwen,humaneval,CC,vague_fix,True,False,89
qwen,humaneval,CC,vague_fix,True,False,118
qwen,humaneval,CC,vague_fix,True,False,167
qwen,humaneval,CC,vague_fix,True,False,102
qwen,humaneval,CC,specific_fix,True,True,148
qwen,humaneval,CC,specific_fix,True,True,141
qwen,humaneval,CC,vague_fix,True,False,84
qwen,humaneval,CC,ambiguous,False,False,81
qwen,humaneval,CC,ambiguous,False,False,86
qwen,humaneval,CC,vague_fix,True,False,83
qwen,humaneval,CC,ambiguous,False,False,118
qwen,humaneval,CC,vague_fix,True,False,105
qwen,humaneval,CC,vague_fix,True,False,97
qwen,humaneval,CC,specific_fix,True,True,70
qwen,humaneval,CC,vague_fix,True,False,93
qwen,humaneval,CC,vague_fix,True,False,89
qwen,humaneval,CC,vague_fix,True,False,95
qwen,humaneval,CC,specific_fix,True,True,96
qwen,humaneval,CC,vague_fix,True,False,80
qwen,humaneval,CC,vague_fix,True,False,89
qwen,humaneval,CC,ambiguous,False,False,64
qwen,humaneval,CC,vague_fix,True,False,80
qwen,humaneval,CC,ambiguous,False,True,78
qwen,humaneval,CC,specific_fix,True,True,355
qwen,humaneval,CC,ambiguous,False,False,96
qwen,humaneval,CC,vague_fix,True,False,135
qwen,humaneval,CW,vague_fix,True,False,750
qwen,humaneval,CW,vague_fix,True,False,28
qwen,humaneval,CW,specific_fix,True,True,207
qwen,humaneval,CW,vague_fix,True,False,56
qwen,humaneval,CW,vague_fix,True,False,105
qwen,humaneval,CW,specific_fix,True,True,605
qwen,humaneval,CW,vague_fix,True,False,68
qwen,humaneval,CW,specific_fix,True,True,54
qwen,humaneval,CW,vague_fix,True,False,105
qwen,humaneval,CW,vague_fix,True,False,142
qwen,humaneval,CW,vague_fix,True,False,62
qwen,humaneval,CW,vague_fix,True,False,63
qwen,humaneval,WC,vague_fix,True,False,125
qwen,humaneval,WC,vague_fix,True,False,287
qwen,humaneval,WC,specific_fix,True,True,240
qwen,humaneval,WW,vague_fix,True,False,167
qwen,humaneval,WW,vague_fix,True,False,153
qwen,humaneval,WW,vague_fix,True,False,60
qwen,humaneval,WW,vague_fix,True,False,144
qwen,humaneval,WW,vague_fix,True,False,115
qwen,humaneval,WW,ambiguous,False,False,512
qwen,humaneval,WW,specific_fix,True,True,99
qwen,humaneval,WW,ambiguous,False,True,821
qwen,humaneval,WW,ambiguous,False,False,63
qwen,humaneval,WW,ambiguous,False,False,147
qwen,humaneval,WW,vague_fix,True,False,230
qwen,humaneval,WW,vague_fix,True,False,61
qwen,humaneval,WW,specific_fix,True,True,180
qwen,humaneval,WW,ambiguous,False,False,86
qwen,humaneval,WW,vague_fix,True,False,82
qwen,humaneval,WW,vague_fix,True,False,123
qwen,humaneval,WW,specific_fix,True,True,115
qwen,humaneval,WW,vague_fix,True,False,132
qwen,humaneval,WW,vague_fix,True,False,93
qwen,humaneval,WW,ambiguous,False,False,91
qwen,humaneval,WW,vague_fix,True,False,132
qwen,humaneval,WW,ambiguous,False,False,70
qwen,humaneval,WW,vague_fix,True,False,94
qwen,humaneval,WW,specific_fix,True,True,175
qwen,humaneval,WW,vague_fix,True,False,175
qwen,humaneval,WW,vague_fix,True,False,71
qwen,humaneval,WW,ambiguous,False,True,154
qwen,humaneval,WW,ambiguous,False,False,36
qwen,humaneval,WW,vague_fix,True,False,133
qwen,humaneval,WW,vague_fix,True,False,74
qwen,humaneval,WW,ambiguous,False,False,116
qwen,humaneval,WW,vague_fix,True,False,134
qwen,humaneval,WW,vague_fix,True,False,108
qwen,humaneval,WW,vague_fix,True,False,172
qwen,humaneval,WW,ambiguous,False,False,70
qwen,humaneval,WW,vague_fix,True,False,121
qwen,humaneval,WW,ambiguous,False,False,24
qwen,humaneval,WW,vague_fix,True,False,123
qwen,humaneval,WW,vague_fix,True,False,78
qwen,humaneval,WW,vague_fix,True,False,106
qwen,humaneval,WW,ambiguous,False,False,61
qwen,humaneval,WW,specific_fix,True,True,263
qwen,humaneval,WW,vague_fix,True,False,112
